order_id,line_no,product_id,quantity
0,1,28,3
0,2,31,3
0,3,36,1
1,1,74,1
1,2,89,2
1,3,99,2
2,1,17,1
2,2,43,3
2,3,83,3
2,4,95,1
3,1,20,2
3,2,51,2
3,3,84,1
4,1,51,1
4,2,57,3
4,3,69,1
4,4,71,2
4,5,82,1
5,1,9,2
5,2,51,3
5,3,52,1
5,4,86,3
5,5,99,2
6,1,9,2
6,2,40,1
6,3,42,2
6,4,55,3
6,5,75,3
6,6,80,1
6,7,81,2
6,8,86,2
7,1,8,2
7,2,87,2
8,1,0,3
8,2,14,3
8,3,17,1
8,4,18,2
8,5,22,2
9,1,22,2
9,2,27,3
9,3,38,2
9,4,45,3
9,5,54,1
9,6,86,1
10,1,10,2
10,2,63,3
10,3,80,3
10,4,91,1
11,1,21,2
11,2,46,2
11,3,51,1
11,4,71,2
12,1,32,2
12,2,38,2
12,3,43,1
12,4,92,3
12,5,93,2
13,1,10,2
13,2,13,3
13,3,69,2
13,4,72,1
14,1,75,1
14,2,81,3
15,1,56,1
15,2,59,1
16,1,8,2
16,2,11,3
16,3,40,3
16,4,53,1
16,5,59,3
16,6,79,3
17,1,21,3
17,2,32,2
17,3,38,1
17,4,45,3
18,1,49,3
18,2,94,2
18,3,97,1
19,1,2,2
19,2,31,1
19,3,45,3
19,4,63,3
19,5,79,1
19,6,89,3
19,7,99,3
20,1,17,3
20,2,61,1
20,3,74,2
20,4,88,3
20,5,91,1
21,1,75,1
21,2,78,3
21,3,80,3
21,4,85,3
22,1,15,1
22,2,23,1
22,3,54,1
22,4,66,3
23,1,12,2
23,2,14,1
23,3,15,3
23,4,46,2
23,5,58,1
23,6,61,2
23,7,87,2
24,1,15,2
24,2,20,3
24,3,32,2
24,4,44,1
24,5,52,2
24,6,75,3
25,1,7,1
26,1,29,2
26,2,33,3
26,3,56,1
26,4,69,3
26,5,71,3
26,6,75,2
26,7,78,3
27,1,10,3
27,2,79,1
27,3,80,1
28,1,3,2
28,2,18,2
28,3,21,2
28,4,35,3
28,5,93,1
29,1,2,2
29,2,19,3
29,3,39,3
29,4,60,3
29,5,72,3
30,1,14,1
30,2,34,2
30,3,75,2
31,1,21,3
31,2,53,2
31,3,89,3
32,1,64,2
32,2,75,1
32,3,80,3
33,1,31,2
33,2,50,2
33,3,59,3
33,4,84,2
33,5,91,2
34,1,0,2
34,2,33,1
34,3,45,1
34,4,64,2
35,1,62,1
35,2,64,1
35,3,72,3
35,4,75,2
36,1,49,3
36,2,70,2
37,1,3,3
37,2,33,1
37,3,41,3
37,4,47,2
37,5,49,1
37,6,71,1
38,1,10,3
38,2,33,3
38,3,83,3
39,1,0,2
39,2,2,1
39,3,59,3
39,4,61,2
39,5,75,3
40,1,18,2
40,2,27,3
40,3,36,2
40,4,60,3
40,5,86,2
40,6,91,3
41,1,39,2
41,2,50,2
41,3,52,1
41,4,71,1
42,1,3,3
42,2,70,2
43,1,34,3
43,2,53,3
43,3,60,3
43,4,91,1
44,1,16,2
44,2,23,3
44,3,29,2
44,4,78,2
45,1,49,3
45,2,61,3
45,3,68,2
45,4,78,1
45,5,88,1
46,1,22,1
47,1,7,2
47,2,12,3
47,3,34,3
48,1,0,1
48,2,12,1
48,3,45,2
49,1,23,1
49,2,75,1
50,1,76,2
51,1,5,1
51,2,8,1
51,3,77,3
51,4,95,1
52,1,0,1
52,2,22,3
52,3,61,3
52,4,65,1
52,5,78,1
53,1,19,2
53,2,75,2
53,3,78,2
53,4,96,2
54,1,22,1
54,2,33,1
54,3,38,3
54,4,61,1
54,5,77,3
55,1,1,1
55,2,53,2
55,3,60,1
55,4,85,1
55,5,98,3
56,1,0,1
56,2,68,2
57,1,2,3
57,2,38,1
57,3,41,3
57,4,66,2
57,5,80,2
57,6,83,2
58,1,16,3
58,2,19,1
58,3,39,3
59,1,47,2
59,2,54,3
59,3,74,3
59,4,91,2
60,1,17,3
60,2,80,2
61,1,25,2
61,2,37,2
61,3,87,2
62,1,19,3
62,2,37,1
62,3,91,1
63,1,9,1
63,2,22,2
63,3,52,2
63,4,82,1
63,5,99,1
64,1,9,1
64,2,66,1
65,1,7,3
65,2,33,1
65,3,91,2
65,4,99,2
66,1,55,2
67,1,35,1
67,2,71,3
67,3,73,1
67,4,86,1
68,1,10,1
68,2,44,1
68,3,80,2
69,1,27,3
69,2,57,1
69,3,89,1
70,1,41,3
70,2,52,2
70,3,55,1
71,1,9,3
71,2,22,1
71,3,53,3
71,4,99,1
72,1,25,3
72,2,43,2
72,3,56,2
72,4,83,1
72,5,95,3
73,1,31,1
73,2,44,2
73,3,82,3
74,1,6,2
74,2,17,1
75,1,31,2
75,2,47,2
75,3,61,2
75,4,93,2
76,1,3,3
76,2,63,2
76,3,88,3
76,4,89,3
76,5,99,2
77,1,10,1
77,2,29,3
77,3,41,1
77,4,46,2
77,5,53,3
78,1,15,1
78,2,24,3
78,3,25,3
78,4,61,3
78,5,85,3
79,1,4,2
79,2,31,2
79,3,38,3
79,4,41,3
79,5,96,3
80,1,49,3
80,2,59,2
80,3,86,3
81,1,75,1
81,2,84,2
81,3,85,2
82,1,1,1
82,2,20,3
82,3,28,1
82,4,59,1
82,5,75,3
82,6,81,3
83,1,20,2
83,2,42,2
84,1,7,1
84,2,78,2
84,3,87,2
85,1,41,1
85,2,51,3
86,1,31,3
86,2,40,1
86,3,52,1
86,4,71,2
87,1,40,2
87,2,83,1
88,1,0,3
88,2,6,1
88,3,13,1
88,4,70,2
88,5,85,2
88,6,88,3
89,1,11,2
89,2,55,1
89,3,75,1
89,4,91,3
90,1,10,3
90,2,20,1
90,3,22,1
90,4,32,1
91,1,14,2
91,2,47,1
91,3,87,2
91,4,91,1
92,1,5,1
92,2,62,2
92,3,89,1
93,1,47,2
93,2,88,2
94,1,5,2
94,2,19,3
94,3,54,3
94,4,56,2
95,1,6,3
95,2,11,2
95,3,48,1
95,4,63,1
95,5,73,2
96,1,6,1
96,2,22,3
96,3,28,1
96,4,31,3
96,5,94,1
97,1,80,2
98,1,37,3
98,2,73,3
98,3,89,1
98,4,99,3
99,1,40,3
99,2,95,2
100,1,11,1
100,2,39,2
100,3,58,3
100,4,61,3
101,1,36,1
101,2,47,2
101,3,48,2
101,4,63,1
102,1,20,3
102,2,75,3
102,3,80,3
103,1,0,3
103,2,6,2
103,3,65,3
103,4,86,1
103,5,99,3
104,1,84,2
105,1,18,3
105,2,62,2
106,1,97,1
107,1,36,2
107,2,63,2
107,3,89,1
108,1,42,3
109,1,32,1
109,2,86,1
109,3,93,3
110,1,16,3
110,2,33,2
111,1,10,2
111,2,19,1
111,3,20,3
111,4,42,2
112,1,4,1
112,2,5,3
112,3,43,2
112,4,91,1
112,5,99,2
113,1,7,3
113,2,18,2
113,3,85,3
113,4,92,2
114,1,10,1
114,2,31,3
114,3,34,3
115,1,12,3
115,2,55,3
115,3,70,2
115,4,85,2
115,5,88,2
116,1,6,2
116,2,12,1
116,3,84,1
116,4,95,3
117,1,8,2
117,2,13,3
117,3,31,3
117,4,53,2
117,5,61,2
117,6,65,3
117,7,98,2
118,1,21,3
118,2,26,1
118,3,42,3
118,4,66,3
118,5,80,3
118,6,94,1
119,1,42,1
119,2,47,3
119,3,48,2
119,4,99,3
120,1,67,1
120,2,99,2
121,1,62,2
121,2,67,1
121,3,84,2
121,4,87,2
122,1,12,2
122,2,17,1
122,3,36,2
122,4,69,2
122,5,79,1
123,1,12,3
123,2,16,3
123,3,25,1
123,4,88,3
124,1,13,2
124,2,27,3
124,3,50,3
125,1,20,2
125,2,42,2
125,3,75,2
126,1,19,2
126,2,31,3
126,3,38,2
126,4,39,3
127,1,50,2
127,2,62,3
127,3,91,2
127,4,93,2
128,1,17,1
128,2,46,1
128,3,51,3
128,4,83,1
128,5,84,1
128,6,89,1
129,1,4,2
129,2,16,3
129,3,55,3
129,4,91,2
130,1,17,3
130,2,28,3
131,1,25,3
131,2,31,1
131,3,45,3
131,4,88,3
132,1,4,2
132,2,10,1
132,3,20,2
132,4,54,2
132,5,56,3
133,1,45,1
134,1,40,3
134,2,61,2
135,1,10,1
135,2,22,1
135,3,52,1
135,4,72,3
136,1,11,3
136,2,26,2
136,3,41,2
136,4,80,1
137,1,5,1
137,2,30,2
137,3,75,2
137,4,85,3
137,5,94,2
138,1,70,2
138,2,71,1
138,3,74,2
138,4,86,1
139,1,65,2
139,2,86,3
140,1,23,1
140,2,33,3
140,3,47,1
140,4,69,1
140,5,91,2
140,6,94,2
141,1,38,1
141,2,57,1
141,3,73,2
141,4,90,3
142,1,3,3
142,2,36,2
142,3,52,2
142,4,76,3
143,1,61,3
143,2,93,2
143,3,94,3
144,1,15,1
144,2,41,1
144,3,48,3
144,4,53,3
144,5,59,3
144,6,82,3
144,7,97,1
144,8,98,3
145,1,10,1
145,2,99,1
146,1,38,3
146,2,53,3
146,3,75,2
146,4,84,1
147,1,22,3
147,2,26,1
147,3,30,3
147,4,81,3
148,1,49,1
148,2,50,1
148,3,88,2
149,1,7,2
149,2,22,1
149,3,40,3
149,4,41,3
149,5,55,2
149,6,68,2
149,7,70,2
150,1,42,3
150,2,44,2
150,3,45,1
150,4,49,2
150,5,70,1
150,6,92,1
151,1,1,2
151,2,17,2
151,3,18,1
151,4,73,1
152,1,22,2
152,2,31,3
152,3,52,1
152,4,93,2
153,1,20,2
153,2,52,2
153,3,93,3
153,4,99,3
154,1,34,2
154,2,62,2
154,3,68,2
154,4,79,3
154,5,99,3
155,1,19,1
155,2,45,3
155,3,75,2
156,1,8,1
156,2,62,3
156,3,68,1
157,1,6,1
157,2,21,3
157,3,22,2
157,4,44,1
157,5,56,3
157,6,91,1
158,1,28,3
158,2,33,1
159,1,0,2
159,2,44,2
159,3,68,2
159,4,71,3
159,5,77,1
160,1,1,1
160,2,20,1
160,3,45,3
160,4,89,2
161,1,10,3
161,2,66,2
161,3,95,2
161,4,97,2
162,1,8,1
162,2,20,3
162,3,30,2
162,4,53,2
162,5,80,3
162,6,94,2
163,1,24,2
163,2,37,2
164,1,7,1
164,2,99,3
165,1,25,3
165,2,44,2
165,3,84,1
166,1,17,2
166,2,27,1
166,3,66,1
166,4,68,2
166,5,91,3
167,1,3,2
167,2,10,2
167,3,28,1
167,4,33,2
168,1,40,2
168,2,51,3
168,3,58,1
169,1,32,3
169,2,45,3
169,3,64,2
169,4,66,2
169,5,98,1
170,1,32,3
170,2,44,1
171,1,11,1
171,2,25,2
171,3,36,1
171,4,51,1
171,5,53,2
171,6,80,3
171,7,93,3
172,1,6,3
172,2,19,3
172,3,30,2
173,1,34,1
173,2,35,3
173,3,71,1
174,1,10,1
174,2,20,2
174,3,33,1
174,4,53,3
174,5,92,2
175,1,14,3
175,2,49,1
176,1,16,1
176,2,26,2
176,3,32,2
176,4,34,3
176,5,44,2
177,1,29,1
177,2,50,3
177,3,99,2
178,1,43,3
178,2,80,3
178,3,84,1
179,1,68,1
179,2,75,3
179,3,77,3
180,1,4,3
180,2,26,3
180,3,27,1
180,4,28,3
180,5,44,2
180,6,48,1
181,1,16,1
181,2,56,3
181,3,80,2
181,4,94,3
182,1,17,1
182,2,58,3
182,3,96,1
183,1,8,3
183,2,21,1
183,3,32,1
183,4,67,1
183,5,91,1
184,1,21,3
184,2,93,1
184,3,99,2
185,1,22,1
185,2,25,2
185,3,31,3
185,4,46,2
185,5,92,1
186,1,27,2
186,2,48,2
186,3,68,1
186,4,82,3
186,5,99,1
187,1,19,1
187,2,30,3
187,3,64,2
188,1,6,2
188,2,68,2
188,3,86,3
188,4,99,3
189,1,3,1
189,2,10,3
189,3,25,3
189,4,54,2
189,5,64,2
189,6,80,2
189,7,81,1
190,1,22,3
190,2,90,3
191,1,8,1
191,2,34,1
191,3,71,3
192,1,44,1
192,2,47,1
192,3,94,1
193,1,8,2
193,2,19,1
193,3,28,1
193,4,86,1
194,1,3,3
195,1,21,1
195,2,24,1
195,3,57,3
195,4,58,2
195,5,82,1
196,1,14,3
196,2,50,3
196,3,69,1
196,4,70,1
196,5,85,1
197,1,23,1
197,2,43,2
197,3,51,3
198,1,6,1
198,2,38,2
198,3,68,2
198,4,91,2
199,1,16,1
199,2,25,2
199,3,26,1
199,4,62,2
199,5,70,1
200,1,4,3
200,2,10,3
200,3,84,2
201,1,20,2
201,2,25,2
201,3,67,3
201,4,84,2
202,1,34,3
203,1,15,3
203,2,25,3
203,3,58,3
203,4,62,1
203,5,95,1
203,6,96,3
204,1,65,1
205,1,40,3
205,2,57,3
205,3,60,3
205,4,70,2
206,1,37,1
206,2,60,2
206,3,63,1
206,4,66,3
206,5,80,3
207,1,10,3
207,2,49,3
207,3,58,2
207,4,69,2
207,5,72,3
208,1,4,3
208,2,53,1
208,3,81,2
209,1,3,3
209,2,9,3
209,3,11,3
209,4,51,3
209,5,73,2
209,6,82,2
209,7,99,3
210,1,4,1
210,2,53,2
210,3,69,3
210,4,84,2
210,5,95,3
211,1,10,3
211,2,26,2
211,3,80,3
212,1,42,1
212,2,93,3
212,3,95,3
213,1,3,1
213,2,37,1
213,3,60,3
213,4,67,2
214,1,17,2
214,2,22,2
214,3,35,2
214,4,40,1
215,1,3,2
215,2,28,3
215,3,53,1
215,4,66,3
216,1,1,2
216,2,2,1
216,3,49,2
216,4,61,1
216,5,74,3
217,1,0,1
217,2,2,3
217,3,11,1
217,4,37,3
217,5,51,1
217,6,67,3
217,7,83,3
218,1,69,2
218,2,95,2
219,1,15,2
219,2,22,2
219,3,30,1
219,4,83,3
220,1,86,2
220,2,91,2
220,3,96,1
221,1,11,2
221,2,33,2
221,3,47,1
221,4,54,1
221,5,61,3
221,6,91,2
222,1,28,1
222,2,57,2
222,3,69,1
222,4,74,3
222,5,99,2
223,1,11,3
223,2,39,2
223,3,84,3
224,1,7,1
224,2,48,2
224,3,52,3
224,4,54,3
224,5,61,3
224,6,87,3
225,1,15,3
225,2,22,3
225,3,25,3
226,1,3,2
226,2,16,3
226,3,37,2
226,4,99,3
227,1,39,1
227,2,76,1
227,3,91,2
228,1,13,2
228,2,23,1
228,3,25,2
228,4,99,2
229,1,17,3
229,2,44,3
229,3,80,1
229,4,91,3
230,1,12,1
230,2,23,3
230,3,24,3
230,4,32,2
230,5,77,2
231,1,17,1
231,2,47,3
232,1,70,1
232,2,80,2
233,1,25,1
233,2,61,3
233,3,91,3
233,4,97,3
234,1,5,3
234,2,21,2
234,3,39,1
234,4,62,3
235,1,22,3
235,2,70,1
235,3,84,2
235,4,98,3
236,1,66,3
236,2,72,3
237,1,1,3
237,2,2,2
237,3,6,1
237,4,12,2
237,5,17,1
237,6,32,3
237,7,33,3
237,8,71,1
238,1,17,1
238,2,42,1
238,3,44,3
238,4,79,3
238,5,98,3
239,1,23,2
239,2,37,2
239,3,46,2
239,4,83,3
240,1,33,1
240,2,43,3
240,3,46,1
240,4,52,2
240,5,95,3
241,1,3,3
241,2,10,2
241,3,16,3
241,4,58,2
242,1,0,1
242,2,10,1
242,3,20,2
242,4,39,1
243,1,5,3
243,2,11,1
243,3,21,2
243,4,64,3
243,5,98,2
244,1,15,3
244,2,37,2
244,3,43,1
245,1,18,3
245,2,22,1
245,3,58,1
245,4,71,3
245,5,91,3
246,1,62,2
246,2,63,2
246,3,69,2
246,4,76,1
247,1,1,3
247,2,7,1
247,3,17,1
247,4,23,2
247,5,42,3
247,6,44,1
248,1,2,1
248,2,34,1
248,3,83,3
248,4,92,3
249,1,25,3
249,2,49,1
249,3,57,2
250,1,12,2
250,2,21,3
250,3,52,2
250,4,62,1
250,5,76,1
250,6,80,3
251,1,22,1
251,2,36,1
251,3,65,3
251,4,75,3
251,5,86,3
252,1,6,2
252,2,9,3
252,3,22,2
252,4,36,1
252,5,64,3
252,6,78,3
253,1,20,1
253,2,31,2
253,3,43,3
253,4,65,2
253,5,84,1
253,6,93,2
254,1,1,1
254,2,71,1
255,1,45,2
255,2,77,3
255,3,80,1
255,4,92,1
256,1,18,1
256,2,32,2
256,3,47,1
256,4,49,2
256,5,83,3
256,6,91,2
257,1,0,3
257,2,82,2
258,1,33,3
258,2,59,1
259,1,34,1
259,2,52,1
259,3,84,3
259,4,91,2
259,5,95,3
260,1,20,1
260,2,21,2
260,3,40,1
260,4,68,1
260,5,69,3
260,6,77,1
261,1,31,2
261,2,69,1
261,3,74,3
261,4,76,1
262,1,2,2
262,2,12,1
262,3,15,3
262,4,87,2
262,5,97,3
263,1,6,1
263,2,10,2
263,3,16,1
263,4,20,2
263,5,33,1
263,6,60,1
263,7,69,1
263,8,74,3
264,1,14,1
264,2,57,3
264,3,99,1
265,1,60,2
265,2,69,3
265,3,99,2
266,1,0,1
266,2,7,3
266,3,51,1
266,4,73,1
266,5,98,2
267,1,63,2
267,2,64,1
267,3,73,2
268,1,6,2
268,2,9,2
268,3,40,1
268,4,65,3
268,5,95,3
269,1,1,1
269,2,15,2
269,3,32,2
269,4,61,2
269,5,71,1
269,6,79,2
269,7,81,1
270,1,17,3
270,2,35,2
270,3,86,3
270,4,99,3
271,1,35,1
271,2,87,2
271,3,99,2
272,1,5,2
272,2,34,1
272,3,76,1
272,4,86,1
273,1,19,1
273,2,93,1
274,1,6,2
274,2,13,1
274,3,14,1
274,4,59,3
274,5,77,2
274,6,87,1
275,1,41,3
275,2,44,2
275,3,45,1
275,4,70,1
275,5,97,1
276,1,5,2
276,2,6,2
276,3,99,1
277,1,0,3
277,2,8,2
277,3,29,3
277,4,56,3
277,5,72,1
278,1,43,2
278,2,55,1
279,1,23,1
279,2,30,2
279,3,54,1
279,4,79,1
279,5,83,1
280,1,10,3
280,2,30,1
280,3,33,2
280,4,58,1
281,1,34,3
281,2,65,2
281,3,76,1
282,1,3,3
282,2,51,3
282,3,72,1
283,1,0,2
283,2,28,2
283,3,46,2
283,4,93,1
284,1,18,2
284,2,44,2
285,1,6,2
285,2,8,3
285,3,45,1
285,4,61,3
285,5,70,3
286,1,33,2
286,2,52,1
286,3,55,2
286,4,68,2
287,1,13,1
287,2,61,2
287,3,87,2
288,1,24,3
288,2,60,3
288,3,83,1
289,1,1,1
289,2,5,3
289,3,29,2
290,1,1,2
290,2,54,1
290,3,73,3
290,4,82,2
291,1,1,2
291,2,2,1
291,3,43,3
292,1,25,3
292,2,43,2
292,3,97,2
293,1,45,2
293,2,79,3
293,3,94,1
294,1,79,3
294,2,80,1
295,1,17,3
295,2,40,3
295,3,42,2
295,4,78,2
296,1,23,1
296,2,57,3
296,3,71,1
296,4,82,3
297,1,21,3
297,2,83,3
297,3,91,1
298,1,2,2
298,2,12,1
298,3,44,1
298,4,84,2
299,1,22,2
299,2,25,2
299,3,47,3
299,4,56,3
299,5,57,1
300,1,56,1
301,1,52,1
301,2,53,3
301,3,87,3
301,4,95,1
302,1,21,3
302,2,34,1
302,3,43,3
302,4,49,2
302,5,52,1
303,1,27,1
303,2,32,1
303,3,46,3
303,4,71,2
303,5,78,1
303,6,81,1
304,1,0,2
304,2,11,1
304,3,22,1
304,4,32,1
304,5,43,2
304,6,90,2
305,1,31,2
305,2,61,2
306,1,44,1
306,2,63,1
306,3,66,1
306,4,70,1
306,5,89,3
307,1,63,2
307,2,83,2
307,3,89,2
308,1,25,3
308,2,28,1
308,3,43,2
308,4,84,1
308,5,93,3
309,1,6,2
309,2,43,1
309,3,47,2
309,4,69,1
309,5,95,3
310,1,38,1
310,2,65,1
310,3,67,3
310,4,94,1
311,1,3,1
311,2,9,2
311,3,36,1
311,4,40,1
311,5,50,2
311,6,51,3
311,7,57,3
311,8,99,1
312,1,8,2
312,2,38,3
312,3,53,3
312,4,93,3
312,5,99,3
313,1,66,2
313,2,83,1
313,3,89,2
313,4,92,3
313,5,94,1
314,1,14,2
314,2,25,3
314,3,59,3
315,1,15,3
315,2,17,1
315,3,52,3
315,4,70,2
315,5,86,3
316,1,16,2
316,2,26,1
316,3,30,1
316,4,33,1
317,1,30,3
317,2,50,2
317,3,64,3
317,4,78,2
317,5,96,1
318,1,12,3
318,2,22,3
318,3,82,2
318,4,97,2
319,1,1,2
319,2,51,3
319,3,61,2
320,1,16,2
320,2,17,3
320,3,20,1
320,4,67,3
321,1,8,1
321,2,32,1
321,3,40,2
321,4,66,2
321,5,89,1
322,1,8,2
322,2,38,3
322,3,52,3
322,4,55,2
322,5,64,1
322,6,69,2
323,1,25,2
323,2,51,2
323,3,58,2
323,4,68,1
324,1,5,2
324,2,11,1
324,3,25,3
324,4,39,2
324,5,46,1
325,1,9,1
325,2,22,1
325,3,42,1
325,4,46,3
325,5,99,2
326,1,4,3
326,2,25,3
326,3,46,3
326,4,54,3
326,5,69,2
326,6,86,3
327,1,27,1
327,2,62,3
327,3,75,2
327,4,87,3
328,1,25,3
328,2,38,2
328,3,44,2
328,4,53,3
329,1,21,1
329,2,34,2
330,1,2,3
330,2,25,2
330,3,51,2
330,4,88,1
331,1,6,1
331,2,7,2
331,3,15,1
331,4,17,3
331,5,23,1
331,6,44,3
331,7,87,3
331,8,95,1
332,1,38,1
332,2,50,1
332,3,59,1
332,4,76,2
333,1,18,2
333,2,23,1
333,3,25,2
333,4,69,2
334,1,9,1
334,2,52,1
335,1,3,1
335,2,22,2
335,3,25,2
335,4,35,1
335,5,37,1
335,6,42,2
335,7,47,3
336,1,22,3
336,2,24,2
336,3,57,3
336,4,96,1
337,1,34,1
337,2,80,1
338,1,14,3
338,2,34,3
338,3,49,2
338,4,52,2
338,5,68,1
339,1,18,3
340,1,27,3
340,2,34,3
340,3,38,3
340,4,40,1
340,5,60,2
340,6,88,2
340,7,94,1
340,8,95,1
341,1,2,1
341,2,37,3
341,3,39,2
341,4,88,2
342,1,24,1
342,2,42,3
343,1,7,2
343,2,10,3
343,3,55,3
344,1,29,1
344,2,64,2
344,3,90,1
345,1,29,2
345,2,71,2
345,3,75,2
345,4,89,2
345,5,90,3
346,1,31,2
346,2,47,3
346,3,91,2
346,4,94,2
346,5,99,3
347,1,41,3
347,2,48,1
347,3,49,3
347,4,72,2
348,1,31,3
348,2,43,2
348,3,77,1
349,1,43,1
349,2,53,2
349,3,56,1
349,4,80,2
349,5,90,1
350,1,62,1
350,2,84,2
350,3,96,2
350,4,99,2
351,1,9,2
351,2,11,3
351,3,73,2
351,4,75,1
351,5,92,1
352,1,31,2
353,1,11,1
353,2,18,3
353,3,26,3
353,4,82,1
354,1,6,1
354,2,9,3
354,3,20,1
354,4,22,3
354,5,40,2
355,1,16,3
355,2,17,3
355,3,25,3
355,4,86,1
356,1,24,3
356,2,31,2
356,3,54,3
356,4,70,1
356,5,87,1
356,6,93,3
357,1,6,2
357,2,16,3
357,3,28,3
357,4,46,3
357,5,55,2
358,1,61,2
358,2,87,3
359,1,22,3
359,2,29,2
359,3,35,3
359,4,78,3
360,1,11,3
360,2,17,3
361,1,7,3
361,2,10,2
361,3,78,2
362,1,70,2
362,2,71,1
363,1,16,2
363,2,36,3
363,3,64,3
363,4,66,3
363,5,86,1
363,6,89,3
364,1,4,3
364,2,19,1
364,3,64,3
365,1,8,3
365,2,52,1
365,3,95,1
366,1,12,2
366,2,53,2
366,3,70,3
366,4,77,3
367,1,4,3
367,2,7,1
367,3,31,3
367,4,70,2
367,5,75,3
368,1,12,2
368,2,13,3
368,3,15,3
368,4,17,1
368,5,41,3
368,6,58,3
369,1,23,2
369,2,25,1
369,3,31,3
369,4,75,1
369,5,89,2
370,1,16,2
370,2,17,3
370,3,80,3
371,1,4,1
371,2,16,3
371,3,36,3
371,4,59,1
372,1,0,1
372,2,32,1
372,3,55,2
372,4,68,2
373,1,22,1
373,2,29,1
373,3,57,2
373,4,84,3
374,1,4,1
374,2,34,3
374,3,36,2
374,4,48,3
374,5,55,2
374,6,92,2
375,1,8,2
375,2,18,3
375,3,21,1
375,4,40,2
375,5,52,1
376,1,47,3
376,2,66,1
376,3,91,2
377,1,66,1
377,2,95,3
378,1,12,3
378,2,27,1
379,1,30,2
379,2,48,1
379,3,99,2
380,1,44,3
380,2,48,1
381,1,19,3
381,2,32,3
381,3,55,3
382,1,7,3
382,2,43,3
382,3,70,3
382,4,73,1
382,5,74,3
382,6,75,2
383,1,8,1
383,2,33,3
383,3,44,1
383,4,85,1
384,1,0,2
384,2,6,3
384,3,35,2
384,4,70,1
384,5,99,1
385,1,1,2
385,2,14,2
385,3,25,3
385,4,98,3
386,1,16,2
386,2,25,2
386,3,45,3
386,4,61,3
386,5,79,3
386,6,84,3
387,1,23,1
387,2,25,3
387,3,55,3
387,4,66,2
387,5,80,1
388,1,64,3
388,2,68,1
388,3,99,3
389,1,29,1
389,2,95,3
390,1,18,1
390,2,27,2
390,3,47,3
391,1,27,3
391,2,35,2
391,3,47,1
391,4,66,2
392,1,23,2
392,2,28,1
392,3,38,2
392,4,58,1
393,1,25,3
393,2,84,2
394,1,45,3
394,2,63,3
394,3,75,2
394,4,90,2
395,1,3,2
395,2,10,2
395,3,16,1
395,4,66,3
395,5,78,1
395,6,81,3
396,1,32,1
396,2,82,2
396,3,99,2
397,1,27,2
397,2,47,3
397,3,67,3
397,4,80,2
397,5,91,3
398,1,12,2
398,2,23,1
398,3,86,1
399,1,13,2
399,2,15,2
399,3,58,1
400,1,7,2
400,2,29,3
400,3,58,1
400,4,78,2
401,1,70,3
402,1,31,1
402,2,86,2
403,1,25,1
403,2,38,2
403,3,52,2
403,4,93,2
403,5,95,2
404,1,45,3
404,2,51,1
404,3,92,2
405,1,39,3
405,2,42,1
405,3,67,3
406,1,26,1
406,2,32,2
406,3,92,2
407,1,3,2
407,2,20,2
407,3,46,1
407,4,68,1
407,5,79,2
407,6,80,1
407,7,94,1
408,1,37,2
408,2,45,2
409,1,3,3
409,2,53,2
409,3,62,3
409,4,95,2
410,1,25,2
410,2,45,3
410,3,61,1
410,4,76,1
410,5,85,3
411,1,15,1
411,2,28,1
411,3,37,2
411,4,91,1
412,1,10,1
412,2,19,3
412,3,48,2
412,4,78,2
413,1,9,1
413,2,23,2
413,3,74,3
413,4,88,2
414,1,29,1
414,2,55,3
414,3,56,2
414,4,60,2
414,5,69,2
415,1,22,3
415,2,70,2
415,3,99,2
416,1,14,3
416,2,17,3
416,3,47,3
416,4,88,1
417,1,12,3
417,2,20,1
418,1,23,2
418,2,31,2
418,3,37,3
418,4,73,2
418,5,95,2
419,1,77,1
419,2,81,1
419,3,83,1
420,1,5,1
420,2,15,3
420,3,70,2
420,4,98,2
421,1,25,3
421,2,27,3
421,3,68,2
422,1,24,1
422,2,77,1
423,1,0,2
423,2,22,3
423,3,40,1
423,4,69,1
424,1,21,1
424,2,22,3
424,3,29,1
424,4,30,1
424,5,38,2
424,6,46,1
424,7,95,2
425,1,19,2
425,2,23,2
425,3,36,1
425,4,63,3
426,1,26,1
426,2,70,2
426,3,83,2
427,1,34,3
427,2,54,2
428,1,25,3
428,2,57,2
428,3,63,2
428,4,85,1
429,1,19,3
429,2,23,1
429,3,59,1
429,4,77,1
430,1,16,3
430,2,22,1
430,3,24,2
430,4,25,3
430,5,57,2
431,1,22,2
431,2,32,1
431,3,67,1
432,1,36,2
432,2,37,3
432,3,57,2
432,4,60,1
433,1,4,1
433,2,28,3
433,3,37,2
433,4,41,2
433,5,56,2
433,6,72,1
433,7,75,3
434,1,0,3
434,2,57,3
434,3,82,2
435,1,32,2
435,2,51,3
435,3,67,2
435,4,77,2
435,5,91,1
435,6,93,1
435,7,95,2
436,1,29,2
436,2,42,3
436,3,91,1
437,1,8,2
437,2,51,3
438,1,65,1
438,2,85,3
438,3,95,3
439,1,4,2
439,2,29,2
439,3,46,1
439,4,69,2
440,1,12,3
440,2,37,1
440,3,68,3
441,1,14,3
441,2,17,2
441,3,48,2
441,4,61,2
441,5,84,1
442,1,2,1
442,2,95,1
443,1,10,3
443,2,26,1
443,3,45,3
443,4,75,1
443,5,83,1
444,1,4,3
444,2,8,1
444,3,47,1
445,1,5,3
445,2,18,1
445,3,47,2
445,4,64,1
446,1,1,2
446,2,12,3
446,3,24,2
446,4,41,2
446,5,61,2
446,6,91,1
447,1,20,2
447,2,23,1
447,3,68,3
448,1,18,3
448,2,27,3
448,3,45,3
448,4,61,2
448,5,69,1
448,6,81,1
449,1,49,3
449,2,68,3
449,3,69,3
449,4,73,1
449,5,89,1
449,6,91,3
450,1,13,2
450,2,45,3
450,3,61,2
450,4,66,3
451,1,11,2
451,2,24,1
451,3,36,1
451,4,66,2
452,1,4,2
452,2,21,1
452,3,25,2
452,4,31,1
452,5,39,3
452,6,59,2
452,7,61,1
452,8,92,3
453,1,17,2
453,2,73,2
454,1,8,3
454,2,13,3
454,3,32,3
454,4,59,3
454,5,75,1
455,1,7,3
455,2,39,1
455,3,61,3
455,4,75,3
455,5,82,2
455,6,94,3
456,1,3,2
456,2,21,3
456,3,32,3
456,4,75,1
456,5,88,1
457,1,10,1
457,2,31,1
457,3,55,2
457,4,59,1
457,5,84,2
457,6,96,2
458,1,29,1
458,2,31,1
458,3,54,3
458,4,67,1
458,5,69,2
459,1,5,1
459,2,15,2
459,3,36,3
459,4,80,2
460,1,31,3
460,2,59,1
460,3,65,1
460,4,88,2
460,5,94,3
460,6,97,2
461,1,21,2
461,2,59,2
461,3,84,1
461,4,87,1
461,5,96,1
462,1,4,2
462,2,10,1
462,3,17,3
462,4,19,2
462,5,69,3
462,6,78,1
462,7,90,2
463,1,12,2
463,2,21,2
463,3,44,2
464,1,36,2
464,2,43,3
464,3,88,2
464,4,91,1
465,1,4,1
465,2,18,2
465,3,91,2
465,4,94,2
466,1,35,1
466,2,40,2
466,3,56,3
466,4,62,1
467,1,22,3
467,2,27,1
467,3,31,3
467,4,65,3
467,5,77,3
467,6,95,3
468,1,0,1
468,2,38,2
468,3,56,2
468,4,65,1
468,5,67,1
468,6,84,3
469,1,25,3
469,2,36,2
470,1,9,1
470,2,30,1
470,3,69,3
470,4,96,3
471,1,15,2
471,2,16,3
471,3,32,3
471,4,48,2
471,5,84,3
471,6,98,2
472,1,45,2
472,2,53,3
472,3,57,1
472,4,77,2
473,1,56,2
473,2,61,2
473,3,91,3
473,4,92,2
474,1,60,3
474,2,71,1
474,3,72,3
475,1,41,1
475,2,42,2
475,3,58,3
475,4,61,1
476,1,8,3
476,2,51,1
476,3,52,1
477,1,55,3
477,2,71,1
478,1,10,3
478,2,24,2
478,3,31,1
478,4,43,2
478,5,48,2
479,1,3,3
479,2,21,1
479,3,77,2
479,4,80,3
479,5,82,2
480,1,49,1
480,2,85,2
481,1,5,1
481,2,16,2
481,3,36,1
481,4,75,3
481,5,81,3
482,1,19,2
482,2,62,2
482,3,75,1
482,4,87,2
483,1,45,2
483,2,60,1
483,3,66,2
483,4,69,1
483,5,81,2
483,6,85,3
484,1,6,1
484,2,28,2
484,3,65,3
484,4,73,1
484,5,81,3
484,6,93,3
485,1,62,1
485,2,74,3
485,3,83,2
485,4,92,3
486,1,4,1
486,2,8,3
486,3,15,2
486,4,73,2
486,5,97,1
487,1,33,1
487,2,46,3
487,3,75,2
488,1,5,3
488,2,11,1
488,3,52,2
488,4,60,1
488,5,91,3
488,6,99,2
489,1,52,3
489,2,82,3
490,1,60,1
490,2,67,2
490,3,84,2
491,1,50,2
491,2,70,3
491,3,71,2
491,4,84,3
492,1,31,1
492,2,35,2
492,3,53,2
493,1,14,2
493,2,15,2
493,3,25,2
494,1,22,2
494,2,29,2
494,3,33,1
494,4,42,2
494,5,50,1
494,6,85,3
495,1,27,1
495,2,83,2
495,3,88,1
496,1,13,2
496,2,60,1
496,3,66,1
496,4,68,2
496,5,75,2
496,6,89,2
497,1,22,1
498,1,24,3
498,2,28,1
498,3,49,1
498,4,72,3
498,5,76,3
498,6,80,2
499,1,3,3
499,2,4,3
499,3,75,1
499,4,80,3
500,1,21,3
500,2,25,3
500,3,49,3
500,4,64,3
500,5,78,1
500,6,97,1
501,1,14,1
501,2,25,2
501,3,82,3
502,1,22,3
502,2,23,2
502,3,32,2
503,1,27,3
503,2,63,1
503,3,89,1
504,1,30,2
504,2,48,3
505,1,0,1
505,2,51,1
505,3,55,3
505,4,69,3
506,1,16,3
506,2,38,2
506,3,47,2
506,4,55,2
506,5,63,3
506,6,73,3
506,7,82,2
506,8,97,2
507,1,35,3
507,2,49,2
507,3,70,3
507,4,92,3
508,1,19,3
508,2,22,3
508,3,60,1
508,4,76,1
508,5,89,2
508,6,93,2
509,1,9,2
509,2,76,3
509,3,79,1
509,4,82,1
509,5,89,2
509,6,99,2
510,1,31,1
510,2,44,2
510,3,51,1
510,4,54,1
510,5,84,1
510,6,91,2
510,7,99,2
511,1,2,2
511,2,22,1
511,3,59,3
512,1,14,2
512,2,25,2
512,3,33,1
512,4,50,2
513,1,5,1
513,2,22,2
513,3,37,2
513,4,60,1
513,5,91,3
514,1,9,2
514,2,22,1
514,3,38,1
514,4,64,2
514,5,73,1
515,1,12,1
515,2,15,2
515,3,84,3
515,4,97,2
516,1,10,2
516,2,74,2
516,3,93,3
517,1,8,1
517,2,31,1
517,3,65,1
517,4,76,1
518,1,19,3
518,2,31,1
518,3,32,3
518,4,59,1
519,1,10,2
519,2,24,2
519,3,29,2
519,4,67,2
519,5,69,1
519,6,75,1
520,1,56,2
520,2,57,2
520,3,67,3
521,1,33,3
521,2,95,2
522,1,40,3
522,2,50,1
522,3,62,3
522,4,76,1
522,5,81,1
523,1,13,2
523,2,47,3
524,1,16,1
524,2,17,1
524,3,47,3
524,4,99,3
525,1,15,1
525,2,57,2
525,3,73,2
525,4,84,2
526,1,42,1
526,2,52,1
527,1,17,1
527,2,25,2
527,3,42,2
527,4,51,1
528,1,2,2
528,2,17,3
528,3,63,2
528,4,82,2
528,5,98,1
529,1,49,3
529,2,52,1
529,3,65,1
529,4,95,3
530,1,2,1
530,2,7,1
530,3,42,1
530,4,47,2
531,1,4,3
531,2,26,2
531,3,64,2
531,4,72,1
532,1,83,2
532,2,99,2
533,1,7,1
533,2,13,3
533,3,44,2
533,4,59,3
533,5,77,1
533,6,97,2
533,7,99,1
534,1,46,2
534,2,61,3
534,3,97,3
535,1,10,2
535,2,20,2
535,3,28,1
535,4,33,3
535,5,64,1
536,1,33,1
537,1,72,2
538,1,45,3
538,2,68,3
538,3,74,2
538,4,75,3
539,1,52,2
539,2,59,3
539,3,67,2
539,4,95,2
540,1,44,1
540,2,57,3
541,1,29,1
541,2,52,2
541,3,71,3
541,4,93,1
542,1,18,2
542,2,21,2
542,3,28,3
542,4,95,1
543,1,0,2
543,2,22,1
543,3,64,2
543,4,86,1
544,1,13,1
544,2,17,3
544,3,21,2
544,4,22,3
544,5,74,1
544,6,99,2
545,1,7,3
545,2,13,3
545,3,45,1
546,1,28,2
546,2,33,3
546,3,59,2
546,4,90,3
547,1,25,1
547,2,34,3
547,3,49,3
547,4,55,1
547,5,59,1
547,6,69,3
547,7,71,1
547,8,73,3
548,1,25,2
548,2,40,3
548,3,97,2
548,4,99,2
549,1,22,3
549,2,74,3
549,3,86,3
549,4,99,1
550,1,25,1
550,2,79,1
550,3,80,1
551,1,8,2
551,2,31,3
551,3,65,3
551,4,94,1
552,1,15,1
552,2,17,2
552,3,76,2
553,1,17,1
553,2,25,2
553,3,46,1
554,1,14,3
554,2,31,2
554,3,47,1
554,4,56,2
554,5,72,3
555,1,2,3
555,2,24,1
555,3,70,1
555,4,91,3
556,1,9,3
556,2,17,3
556,3,44,3
556,4,45,3
556,5,86,2
556,6,87,3
557,1,65,1
557,2,70,2
558,1,65,2
558,2,84,2
558,3,96,3
559,1,0,2
559,2,31,1
559,3,52,3
559,4,88,3
560,1,29,2
560,2,41,1
561,1,11,1
561,2,47,3
561,3,68,1
561,4,80,1
561,5,91,2
561,6,98,1
562,1,0,2
562,2,3,3
562,3,23,2
562,4,65,3
562,5,87,2
563,1,0,3
563,2,10,3
563,3,78,2
563,4,79,1
564,1,7,2
564,2,61,2
564,3,91,3
565,1,33,2
565,2,42,3
565,3,78,1
565,4,81,3
565,5,93,3
566,1,17,2
566,2,35,2
566,3,45,1
566,4,90,1
566,5,91,2
567,1,6,3
567,2,34,1
567,3,45,3
567,4,82,3
567,5,90,3
568,1,10,1
568,2,13,2
568,3,51,1
568,4,56,2
568,5,65,2
569,1,63,1
569,2,81,1
570,1,12,2
570,2,24,3
570,3,33,2
570,4,39,2
570,5,42,3
570,6,58,3
570,7,84,1
571,1,1,1
571,2,7,2
571,3,13,3
571,4,58,2
571,5,59,1
571,6,79,3
572,1,10,1
572,2,26,3
572,3,81,1
572,4,90,1
573,1,29,1
573,2,78,2
573,3,80,1
574,1,43,1
574,2,62,2
574,3,77,1
574,4,96,2
575,1,23,1
575,2,36,1
575,3,60,2
575,4,62,3
575,5,65,1
575,6,77,2
575,7,92,2
576,1,41,2
576,2,61,3
576,3,93,3
577,1,12,1
577,2,17,2
577,3,18,2
577,4,98,3
578,1,3,2
578,2,63,3
579,1,62,3
580,1,14,3
580,2,61,1
580,3,91,3
580,4,98,1
581,1,26,3
581,2,31,2
581,3,99,2
582,1,12,1
582,2,28,1
582,3,30,3
583,1,54,3
583,2,60,1
584,1,25,2
584,2,31,3
584,3,45,3
584,4,50,3
585,1,6,3
585,2,40,1
585,3,42,1
585,4,63,1
585,5,66,1
585,6,98,1
586,1,28,1
586,2,35,2
586,3,54,3
586,4,75,1
586,5,78,2
586,6,93,2
587,1,13,2
587,2,42,1
587,3,50,2
587,4,61,3
587,5,79,1
587,6,87,1
588,1,52,1
588,2,61,1
589,1,7,1
589,2,50,2
589,3,68,3
590,1,64,2
590,2,77,3
590,3,95,1
590,4,96,2
591,1,21,2
591,2,39,3
591,3,92,1
592,1,31,2
592,2,67,3
592,3,84,3
593,1,5,1
593,2,23,1
593,3,66,1
593,4,77,2
593,5,83,1
593,6,97,3
594,1,39,2
594,2,53,3
594,3,75,1
594,4,83,3
595,1,6,2
595,2,45,1
596,1,0,2
596,2,54,3
596,3,69,2
596,4,93,3
596,5,99,3
597,1,16,1
597,2,27,1
597,3,31,3
597,4,62,3
597,5,68,1
597,6,95,3
598,1,8,2
598,2,37,2
598,3,50,1
598,4,99,3
599,1,2,1
599,2,14,1
599,3,37,1
599,4,45,1
599,5,46,2
600,1,29,3
600,2,49,1
600,3,58,2
600,4,75,3
600,5,95,2
601,1,22,1
601,2,73,3
601,3,83,1
602,1,55,1
602,2,76,1
602,3,90,2
603,1,2,3
603,2,4,3
603,3,5,2
603,4,16,2
603,5,26,3
603,6,58,3
604,1,19,3
604,2,38,2
604,3,39,1
605,1,29,3
605,2,36,2
605,3,46,1
605,4,69,2
605,5,70,1
605,6,99,1
606,1,10,2
606,2,68,3
606,3,71,1
606,4,74,2
607,1,17,3
607,2,59,3
607,3,73,2
607,4,96,2
608,1,46,1
608,2,53,2
608,3,69,3
608,4,74,2
608,5,90,1
609,1,6,2
609,2,23,1
609,3,26,1
609,4,70,1
609,5,93,2
610,1,13,2
610,2,50,3
610,3,79,1
611,1,31,2
611,2,39,2
611,3,98,1
612,1,51,3
612,2,68,3
612,3,70,3
612,4,82,1
613,1,5,1
613,2,24,2
613,3,25,2
613,4,31,3
613,5,62,2
613,6,76,2
614,1,42,3
614,2,44,2
614,3,53,2
614,4,67,2
614,5,78,2
614,6,90,2
615,1,4,2
615,2,8,3
615,3,10,1
615,4,13,1
615,5,82,2
615,6,95,2
616,1,93,2
617,1,7,2
617,2,11,3
617,3,67,3
617,4,71,1
617,5,73,1
617,6,92,2
618,1,44,2
618,2,65,3
618,3,69,2
618,4,82,1
618,5,93,3
619,1,10,2
619,2,21,2
619,3,38,1
619,4,45,3
619,5,49,3
620,1,5,2
620,2,22,2
620,3,40,2
620,4,74,2
620,5,99,1
621,1,10,2
621,2,33,2
621,3,56,1
621,4,66,2
622,1,15,1
622,2,18,2
622,3,47,3
622,4,59,2
622,5,60,3
623,1,7,3
623,2,61,1
623,3,75,3
623,4,84,3
624,1,18,3
624,2,85,1
624,3,89,1
625,1,3,2
625,2,10,2
625,3,30,1
625,4,56,3
625,5,93,1
626,1,38,1
626,2,86,1
626,3,99,3
627,1,2,1
627,2,31,3
627,3,58,1
627,4,61,1
627,5,84,2
628,1,13,3
628,2,25,3
628,3,28,3
628,4,56,2
628,5,93,1
629,1,17,3
629,2,36,2
629,3,45,3
629,4,68,3
629,5,92,3
630,1,25,1
630,2,33,2
630,3,44,3
630,4,55,2
630,5,58,3
630,6,61,3
631,1,0,3
631,2,21,3
631,3,57,1
631,4,92,2
632,1,27,3
632,2,47,2
632,3,60,2
633,1,16,2
633,2,25,1
633,3,28,1
633,4,56,1
634,1,5,1
634,2,53,2
634,3,75,2
635,1,49,3
635,2,55,2
635,3,58,1
635,4,97,1
636,1,30,3
636,2,81,2
637,1,9,3
637,2,19,1
637,3,37,1
637,4,40,2
637,5,45,3
637,6,75,3
638,1,31,3
638,2,38,2
638,3,39,2
638,4,96,1
639,1,28,1
639,2,31,1
639,3,70,1
639,4,86,1
639,5,87,1
639,6,93,2
640,1,36,3
640,2,66,1
640,3,94,1
640,4,98,3
641,1,4,3
641,2,19,2
641,3,28,1
641,4,61,1
642,1,29,2
642,2,34,1
642,3,39,3
642,4,58,1
642,5,83,2
642,6,99,2
643,1,29,2
643,2,69,2
643,3,76,1
643,4,78,2
644,1,5,1
644,2,15,2
644,3,35,3
644,4,45,2
644,5,77,2
644,6,95,2
645,1,2,3
645,2,12,3
645,3,48,1
645,4,59,1
646,1,6,3
646,2,25,3
646,3,82,1
647,1,60,1
647,2,82,2
647,3,83,1
647,4,92,2
647,5,99,2
648,1,17,2
648,2,40,2
648,3,54,2
649,1,2,1
649,2,52,3
649,3,92,3
649,4,99,3
650,1,20,1
650,2,32,1
650,3,42,1
650,4,60,2
650,5,80,3
651,1,44,1
651,2,51,2
651,3,68,2
651,4,70,3
652,1,8,1
652,2,52,2
652,3,89,1
653,1,18,1
653,2,36,2
653,3,65,2
653,4,72,2
653,5,87,3
653,6,93,1
654,1,53,3
654,2,55,2
654,3,78,1
654,4,79,1
655,1,12,3
655,2,41,2
655,3,88,1
656,1,92,2
657,1,1,1
657,2,12,3
657,3,39,1
657,4,70,3
658,1,20,3
658,2,23,3
658,3,39,2
658,4,55,3
658,5,83,3
659,1,22,3
659,2,27,3
659,3,66,1
659,4,76,2
660,1,24,1
660,2,37,3
660,3,83,2
661,1,27,1
661,2,36,3
661,3,46,2
661,4,63,2
661,5,72,2
662,1,15,1
662,2,19,2
662,3,21,2
662,4,69,2
662,5,70,2
663,1,26,3
663,2,31,1
663,3,38,2
663,4,67,3
664,1,31,3
664,2,63,3
664,3,65,1
665,1,2,3
665,2,4,1
665,3,17,3
665,4,44,1
665,5,50,2
665,6,70,2
665,7,73,3
666,1,6,2
666,2,26,2
666,3,32,3
666,4,99,1
667,1,10,3
667,2,37,3
667,3,43,2
667,4,62,3
667,5,67,3
667,6,96,2
668,1,47,1
668,2,59,1
668,3,98,3
669,1,98,3
670,1,23,3
670,2,40,1
670,3,43,1
670,4,47,2
670,5,63,3
670,6,79,1
671,1,21,2
671,2,29,1
671,3,31,1
671,4,67,3
671,5,77,3
672,1,36,1
672,2,67,2
672,3,83,1
672,4,91,2
673,1,23,2
673,2,71,1
674,1,7,2
674,2,48,2
674,3,61,2
674,4,79,3
674,5,86,2
674,6,91,1
675,1,66,2
675,2,77,3
675,3,94,1
676,1,29,1
676,2,51,1
676,3,81,2
677,1,27,1
677,2,83,3
678,1,39,3
678,2,66,1
678,3,73,1
679,1,19,3
679,2,25,3
679,3,29,3
679,4,38,1
679,5,93,3
680,1,0,2
680,2,57,3
681,1,11,3
681,2,23,1
681,3,91,3
681,4,93,3
682,1,43,2
683,1,61,3
683,2,65,1
683,3,73,1
683,4,92,1
684,1,16,3
684,2,42,1
684,3,55,2
684,4,95,2
685,1,22,2
685,2,60,1
685,3,99,1
686,1,4,1
686,2,24,1
686,3,28,3
686,4,42,2
686,5,95,1
687,1,20,2
687,2,76,2
687,3,82,1
688,1,27,3
688,2,64,1
688,3,74,2
688,4,93,3
689,1,43,1
689,2,77,2
689,3,95,2
690,1,46,3
690,2,78,1
690,3,88,1
691,1,20,3
691,2,26,1
691,3,28,1
691,4,59,3
691,5,75,3
692,1,22,1
692,2,57,2
692,3,64,3
692,4,89,2
693,1,20,1
693,2,38,1
693,3,55,2
693,4,70,1
693,5,99,1
694,1,23,2
694,2,39,1
694,3,47,3
694,4,49,3
695,1,51,3
695,2,87,2
695,3,93,3
695,4,95,1
696,1,34,1
696,2,37,3
696,3,63,3
696,4,94,3
696,5,95,2
696,6,96,1
697,1,59,2
697,2,84,1
697,3,87,1
698,1,25,1
698,2,74,2
698,3,91,3
698,4,94,3
699,1,7,3
699,2,18,1
699,3,41,1
699,4,68,2
699,5,93,2
699,6,99,1
700,1,70,1
700,2,73,2
700,3,74,2
701,1,19,1
701,2,21,3
701,3,37,3
701,4,95,3
701,5,96,3
702,1,21,1
702,2,31,2
702,3,62,3
702,4,67,1
702,5,82,3
702,6,95,3
703,1,0,2
703,2,22,2
703,3,68,2
703,4,70,3
703,5,71,3
704,1,33,3
705,1,5,3
705,2,26,1
705,3,92,3
706,1,49,2
706,2,95,2
707,1,47,1
707,2,62,1
708,1,18,1
708,2,24,1
708,3,40,2
708,4,89,2
709,1,2,2
709,2,13,2
709,3,19,2
709,4,48,3
709,5,90,1
710,1,16,3
711,1,36,2
711,2,71,2
711,3,99,1
712,1,22,1
712,2,68,3
712,3,73,2
713,1,28,2
713,2,33,2
713,3,56,2
713,4,61,2
714,1,53,2
714,2,70,2
714,3,73,2
714,4,81,2
715,1,96,3
716,1,63,2
716,2,68,1
716,3,91,1
717,1,9,1
717,2,87,1
718,1,33,2
718,2,76,2
719,1,1,2
719,2,93,2
720,1,17,3
720,2,25,3
720,3,42,3
720,4,79,3
721,1,9,1
721,2,17,3
721,3,99,2
722,1,55,2
722,2,66,2
722,3,91,2
723,1,39,3
723,2,43,1
723,3,47,1
723,4,59,1
724,1,3,3
724,2,19,1
724,3,26,3
724,4,40,3
724,5,72,2
724,6,75,2
724,7,80,2
724,8,93,1
725,1,0,1
725,2,23,3
725,3,30,2
725,4,61,3
725,5,76,1
726,1,16,3
726,2,62,2
726,3,96,1
727,1,99,2
728,1,19,3
728,2,62,3
728,3,72,1
728,4,78,3
729,1,11,1
729,2,23,2
729,3,34,2
729,4,37,1
729,5,66,3
729,6,80,2
729,7,83,3
730,1,23,1
730,2,25,2
730,3,80,2
730,4,91,2
731,1,67,1
731,2,76,2
731,3,81,3
731,4,96,1
732,1,21,2
732,2,62,1
732,3,65,2
732,4,93,2
733,1,4,2
733,2,46,2
733,3,64,1
733,4,75,2
734,1,39,1
734,2,70,2
734,3,98,1
735,1,18,1
735,2,24,1
735,3,65,2
735,4,71,1
735,5,95,1
736,1,1,2
736,2,25,3
736,3,42,2
736,4,53,2
737,1,0,2
737,2,22,2
737,3,32,1
737,4,38,2
737,5,40,1
737,6,99,1
738,1,22,3
738,2,28,2
738,3,36,3
738,4,63,3
738,5,99,1
739,1,7,2
739,2,11,1
739,3,60,3
739,4,75,3
739,5,97,3
740,1,0,1
740,2,1,3
740,3,24,1
740,4,51,1
740,5,75,3
740,6,76,2
741,1,16,1
741,2,20,2
741,3,28,2
741,4,54,1
742,1,1,1
742,2,17,2
742,3,69,1
742,4,76,1
743,1,53,3
743,2,75,3
743,3,90,3
744,1,31,3
744,2,46,2
744,3,64,1
744,4,84,3
745,1,16,1
745,2,56,3
745,3,71,2
745,4,79,2
746,1,14,1
746,2,21,2
746,3,82,1
747,1,9,2
747,2,25,3
747,3,40,1
747,4,58,3
747,5,69,1
747,6,81,1
748,1,17,3
748,2,24,2
749,1,27,1
749,2,68,1
749,3,86,2
749,4,89,3
750,1,26,2
750,2,31,3
750,3,43,1
750,4,65,1
750,5,67,3
751,1,30,3
751,2,94,2
751,3,99,3
752,1,38,3
752,2,73,2
752,3,93,3
753,1,8,3
753,2,55,1
753,3,56,1
753,4,69,2
753,5,72,1
753,6,93,2
754,1,13,2
754,2,55,2
754,3,57,2
754,4,59,1
754,5,99,1
755,1,23,3
755,2,43,2
755,3,45,1
755,4,50,3
755,5,61,1
755,6,69,1
756,1,22,1
756,2,64,1
756,3,77,1
756,4,93,1
757,1,3,2
757,2,12,1
757,3,26,2
757,4,60,1
757,5,72,3
758,1,23,3
758,2,38,2
758,3,95,1
759,1,37,3
759,2,66,2
760,1,25,1
760,2,75,1
760,3,80,1
761,1,37,2
761,2,58,3
761,3,71,1
762,1,3,3
762,2,12,1
762,3,90,1
762,4,93,1
763,1,3,1
763,2,25,3
763,3,33,3
763,4,42,2
764,1,0,3
765,1,70,1
766,1,48,2
766,2,85,3
766,3,90,2
767,1,11,1
767,2,60,2
767,3,66,1
767,4,80,3
767,5,89,3
767,6,92,1
768,1,18,1
768,2,35,3
768,3,49,3
768,4,97,2
769,1,1,1
769,2,70,3
770,1,1,2
770,2,30,1
770,3,36,1
770,4,70,3
770,5,79,2
770,6,86,3
771,1,5,3
771,2,37,1
771,3,40,1
771,4,48,2
771,5,82,3
772,1,13,2
772,2,27,2
772,3,34,2
772,4,37,2
772,5,99,1
773,1,64,3
773,2,82,1
774,1,22,1
774,2,36,2
774,3,47,2
774,4,68,1
774,5,91,1
775,1,6,3
775,2,80,2
775,3,87,3
776,1,10,1
776,2,20,1
776,3,26,3
776,4,46,2
776,5,56,3
776,6,80,2
777,1,20,2
777,2,31,2
777,3,50,2
777,4,71,1
778,1,36,3
778,2,51,2
778,3,60,3
778,4,91,3
779,1,34,3
780,1,56,3
780,2,62,1
780,3,67,2
780,4,69,3
780,5,72,2
781,1,68,1
781,2,75,2
781,3,94,1
782,1,35,2
782,2,55,1
783,1,26,2
783,2,36,1
783,3,46,3
783,4,55,1
783,5,66,3
783,6,69,1
784,1,7,3
784,2,22,2
784,3,58,2
784,4,99,2
785,1,44,1
785,2,73,1
785,3,74,3
785,4,75,2
786,1,13,2
786,2,25,1
786,3,46,2
786,4,50,1
787,1,9,1
787,2,37,3
787,3,40,3
787,4,72,1
787,5,73,1
787,6,99,3
788,1,5,2
789,1,8,3
789,2,12,1
789,3,36,3
789,4,63,1
789,5,83,3
790,1,0,1
790,2,40,3
790,3,51,2
791,1,10,3
791,2,22,2
791,3,34,1
791,4,44,1
791,5,75,3
791,6,86,1
791,7,92,2
792,1,7,3
792,2,28,3
792,3,57,3
792,4,80,2
792,5,90,3
793,1,53,2
794,1,9,3
794,2,14,3
794,3,39,3
794,4,41,1
794,5,71,2
795,1,2,3
795,2,31,2
795,3,92,3
796,1,61,2
796,2,63,3
797,1,9,2
797,2,31,1
797,3,33,1
798,1,3,1
798,2,33,3
798,3,48,2
798,4,59,2
798,5,61,3
799,1,4,2
799,2,80,1
800,1,0,2
800,2,51,1
800,3,71,3
800,4,82,1
801,1,67,3
802,1,65,2
802,2,70,3
802,3,73,3
803,1,9,1
803,2,17,2
803,3,19,1
803,4,97,1
804,1,55,2
804,2,81,1
804,3,95,1
805,1,64,2
805,2,65,3
805,3,78,3
805,4,80,1
806,1,12,2
806,2,43,3
806,3,58,3
807,1,23,3
807,2,87,2
808,1,3,3
808,2,20,2
808,3,75,1
808,4,95,1
809,1,26,2
809,2,53,1
809,3,54,1
809,4,59,2
809,5,75,1
810,1,60,3
810,2,76,2
811,1,2,2
811,2,21,2
811,3,24,3
811,4,25,1
811,5,30,1
811,6,76,3
811,7,96,1
812,1,4,2
812,2,37,1
812,3,69,3
813,1,27,3
813,2,34,1
813,3,60,3
813,4,64,3
813,5,78,3
814,1,10,3
814,2,16,2
814,3,23,3
814,4,60,3
815,1,50,1
815,2,53,2
815,3,56,1
815,4,70,1
816,1,3,1
816,2,10,1
816,3,28,1
816,4,55,2
816,5,86,3
816,6,90,1
817,1,76,3
817,2,88,3
817,3,94,1
817,4,96,2
817,5,98,2
818,1,69,3
819,1,13,1
819,2,33,2
819,3,59,1
819,4,91,2
820,1,5,3
820,2,21,3
820,3,61,3
821,1,53,2
821,2,68,2
821,3,71,1
822,1,20,1
822,2,72,2
822,3,78,3
823,1,9,2
823,2,13,3
823,3,35,3
823,4,51,2
823,5,65,2
824,1,35,1
824,2,39,2
824,3,49,3
824,4,96,1
825,1,1,3
825,2,3,3
825,3,15,2
825,4,58,3
826,1,17,3
827,1,23,3
827,2,85,3
828,1,65,3
828,2,68,1
828,3,79,3
828,4,95,3
829,1,16,2
829,2,19,2
829,3,33,3
829,4,44,2
829,5,80,1
829,6,81,2
829,7,91,3
830,1,87,3
830,2,99,2
831,1,17,2
831,2,54,2
831,3,77,1
832,1,10,1
832,2,13,1
832,3,46,2
832,4,80,3
832,5,93,3
833,1,16,1
833,2,45,1
834,1,12,1
834,2,27,3
834,3,92,3
835,1,0,3
835,2,26,2
835,3,81,1
836,1,22,1
836,2,35,3
836,3,73,1
836,4,89,1
836,5,99,2
837,1,25,1
837,2,43,1
837,3,66,2
837,4,73,3
837,5,75,3
837,6,87,2
838,1,4,3
838,2,45,1
838,3,56,3
838,4,91,1
839,1,9,1
839,2,28,3
839,3,55,2
839,4,69,2
840,1,12,1
840,2,61,3
840,3,74,2
841,1,22,2
841,2,40,1
841,3,68,3
841,4,93,1
842,1,31,1
842,2,41,1
842,3,63,1
842,4,66,1
842,5,80,3
843,1,1,1
843,2,8,2
843,3,18,2
843,4,42,1
843,5,84,3
844,1,5,3
844,2,27,1
844,3,47,3
844,4,51,2
844,5,60,1
844,6,80,2
845,1,22,2
845,2,40,2
845,3,56,1
845,4,68,1
845,5,97,3
846,1,13,1
846,2,22,1
846,3,57,2
846,4,58,3
846,5,67,3
847,1,22,1
847,2,37,3
847,3,76,3
847,4,82,3
847,5,95,2
848,1,10,1
848,2,35,1
848,3,51,3
848,4,73,3
848,5,86,2
848,6,95,2
849,1,22,2
849,2,69,3
849,3,72,2
850,1,24,3
850,2,30,2
850,3,40,2
850,4,53,3
850,5,61,1
850,6,77,1
850,7,86,1
850,8,91,1
851,1,10,1
851,2,30,1
851,3,54,3
851,4,84,3
851,5,91,2
852,1,25,2
852,2,75,1
852,3,82,1
853,1,13,1
853,2,31,2
853,3,43,3
853,4,44,2
853,5,99,2
854,1,0,3
854,2,65,1
855,1,67,3
855,2,75,2
855,3,97,3
856,1,1,1
856,2,61,2
856,3,97,3
857,1,25,2
857,2,35,3
857,3,39,2
858,1,44,1
858,2,69,2
859,1,21,2
859,2,38,3
859,3,96,1
860,1,16,3
860,2,26,1
860,3,64,3
860,4,91,1
861,1,90,1
862,1,50,3
862,2,63,1
862,3,80,2
862,4,90,3
862,5,99,1
863,1,49,2
863,2,53,3
864,1,5,3
864,2,23,3
864,3,45,1
864,4,46,2
864,5,95,3
865,1,11,2
865,2,92,2
865,3,94,2
866,1,17,1
866,2,20,3
866,3,56,1
866,4,61,2
866,5,78,2
867,1,5,3
867,2,18,3
867,3,19,3
867,4,68,1
867,5,91,2
868,1,32,2
868,2,35,3
868,3,39,2
868,4,67,1
868,5,86,1
868,6,95,2
869,1,9,2
869,2,22,1
869,3,32,1
869,4,38,1
870,1,1,3
870,2,31,1
870,3,34,3
870,4,47,2
870,5,60,1
870,6,75,3
870,7,91,3
871,1,32,2
871,2,35,1
871,3,69,3
871,4,79,3
871,5,91,1
872,1,14,1
872,2,19,1
872,3,28,3
872,4,55,3
872,5,82,2
872,6,99,1
873,1,20,1
873,2,81,1
874,1,22,1
874,2,32,2
874,3,57,3
874,4,99,1
875,1,46,1
875,2,69,1
875,3,74,2
875,4,77,1
876,1,30,3
877,1,0,1
877,2,55,1
877,3,57,1
878,1,5,3
878,2,48,3
878,3,61,2
878,4,71,2
878,5,72,3
879,1,31,3
879,2,32,2
879,3,38,1
879,4,87,1
880,1,5,1
880,2,68,1
880,3,80,2
880,4,91,2
880,5,92,2
881,1,7,3
881,2,28,1
881,3,53,1
882,1,10,1
882,2,30,2
882,3,53,3
882,4,80,1
882,5,97,3
883,1,12,3
883,2,15,2
883,3,33,3
883,4,61,3
883,5,74,2
883,6,91,1
884,1,56,2
885,1,12,1
885,2,13,3
885,3,45,1
885,4,61,3
885,5,99,2
886,1,0,3
886,2,41,1
886,3,62,2
886,4,67,1
887,1,0,3
887,2,84,2
888,1,71,3
888,2,96,1
888,3,99,3
889,1,27,3
889,2,36,3
889,3,60,1
889,4,64,2
890,1,15,2
890,2,61,3
890,3,83,3
891,1,41,1
891,2,98,2
892,1,2,2
892,2,31,3
892,3,32,2
892,4,85,2
893,1,22,3
893,2,34,2
893,3,66,2
893,4,93,2
894,1,4,3
894,2,53,2
894,3,88,1
894,4,90,1
895,1,17,2
895,2,34,2
895,3,55,3
896,1,15,1
896,2,25,1
896,3,48,1
896,4,59,3
896,5,70,2
896,6,79,2
897,1,6,2
897,2,10,2
897,3,31,3
897,4,38,3
897,5,40,1
897,6,61,3
897,7,95,1
897,8,99,1
898,1,17,3
898,2,64,3
899,1,23,1
899,2,28,3
899,3,60,3
899,4,75,3
899,5,91,1
900,1,5,1
900,2,50,1
900,3,65,1
900,4,67,1
900,5,95,1
901,1,43,3
901,2,47,2
901,3,75,2
901,4,88,3
902,1,7,1
902,2,17,3
902,3,39,1
902,4,58,2
902,5,74,2
902,6,75,1
902,7,79,2
903,1,4,3
903,2,15,3
903,3,21,2
903,4,36,1
903,5,69,3
903,6,95,1
903,7,96,3
904,1,31,3
904,2,48,1
904,3,75,2
904,4,80,2
905,1,38,2
905,2,75,1
905,3,90,3
906,1,23,3
906,2,46,1
906,3,58,3
907,1,27,3
907,2,45,2
907,3,58,2
907,4,81,2
907,5,83,3
907,6,89,2
908,1,43,3
908,2,52,3
908,3,65,1
908,4,85,1
908,5,96,2
909,1,18,3
909,2,79,2
909,3,84,2
910,1,17,3
910,2,57,1
910,3,86,2
911,1,6,3
911,2,44,1
911,3,59,3
911,4,70,2
911,5,78,2
912,1,10,1
912,2,64,3
912,3,91,2
913,1,46,3
913,2,63,2
913,3,75,3
914,1,13,1
914,2,24,3
914,3,44,2
914,4,73,1
915,1,16,2
915,2,20,1
915,3,29,3
915,4,98,1
916,1,47,1
916,2,94,1
917,1,46,2
917,2,47,2
917,3,61,1
917,4,79,1
917,5,84,3
917,6,89,1
918,1,39,1
918,2,58,3
918,3,61,1
918,4,86,1
919,1,3,2
919,2,52,2
919,3,53,1
919,4,60,1
919,5,66,2
919,6,80,1
920,1,65,1
920,2,91,2
920,3,99,2
921,1,25,3
921,2,41,2
921,3,77,2
922,1,54,3
922,2,89,1
923,1,16,1
924,1,25,2
924,2,53,1
924,3,57,3
924,4,91,3
925,1,34,3
925,2,47,2
926,1,34,2
926,2,36,1
926,3,48,3
926,4,54,1
926,5,63,3
926,6,68,3
927,1,2,3
927,2,15,2
927,3,17,3
927,4,49,1
927,5,95,1
927,6,96,3
928,1,32,2
928,2,63,1
929,1,7,3
929,2,33,3
929,3,55,3
929,4,65,3
929,5,70,1
930,1,4,2
930,2,10,3
930,3,41,2
930,4,54,1
930,5,67,3
930,6,69,3
931,1,66,1
931,2,81,1
932,1,42,3
932,2,58,1
932,3,59,3
932,4,79,3
932,5,88,3
933,1,3,2
933,2,28,2
933,3,46,1
933,4,55,2
933,5,72,3
933,6,80,1
934,1,10,1
934,2,30,3
935,1,5,3
935,2,21,3
935,3,23,3
935,4,84,1
936,1,3,2
936,2,18,2
936,3,29,3
936,4,44,1
937,1,41,3
937,2,59,2
937,3,71,2
937,4,79,3
937,5,94,3
938,1,32,2
938,2,64,3
938,3,77,2
938,4,91,1
939,1,20,3
939,2,60,2
939,3,67,2
939,4,93,2
939,5,95,2
940,1,23,3
940,2,83,2
940,3,94,2
941,1,22,3
941,2,44,1
941,3,49,2
941,4,95,2
941,5,97,2
942,1,34,3
942,2,45,1
942,3,56,2
942,4,60,1
942,5,64,3
942,6,92,1
943,1,91,1
943,2,99,2
944,1,2,2
944,2,13,3
944,3,15,2
944,4,74,2
944,5,83,3
944,6,89,2
944,7,97,1
945,1,68,1
945,2,95,2
946,1,71,2
946,2,73,2
946,3,76,1
946,4,92,3
947,1,37,2
947,2,51,3
947,3,60,2
947,4,91,3
947,5,99,1
948,1,67,2
949,1,17,3
949,2,34,3
949,3,37,1
949,4,91,1
950,1,17,3
950,2,19,3
950,3,40,2
950,4,88,1
951,1,11,1
951,2,31,1
951,3,32,3
951,4,54,3
952,1,25,3
952,2,57,3
952,3,63,3
952,4,75,3
952,5,99,2
953,1,10,3
953,2,18,1
953,3,45,3
953,4,66,1
953,5,69,2
954,1,35,2
954,2,41,1
954,3,51,3
954,4,52,3
954,5,57,1
954,6,70,1
955,1,25,3
955,2,31,3
955,3,83,2
955,4,92,3
955,5,95,2
956,1,3,2
956,2,28,1
956,3,69,3
957,1,13,1
957,2,17,3
957,3,19,1
957,4,20,1
957,5,22,3
957,6,93,3
958,1,68,2
958,2,80,3
958,3,91,3
959,1,6,2
959,2,24,2
959,3,45,2
959,4,66,2
959,5,92,1
959,6,94,2
960,1,3,1
960,2,23,1
960,3,71,3
960,4,75,3
960,5,80,3
961,1,51,3
961,2,82,1
962,1,11,3
962,2,14,3
962,3,38,1
962,4,68,3
962,5,83,2
963,1,63,1
963,2,77,3
963,3,78,3
963,4,83,2
963,5,87,1
963,6,99,1
964,1,21,1
964,2,24,3
964,3,44,1
964,4,80,1
965,1,19,2
965,2,45,1
966,1,8,3
966,2,10,1
966,3,38,1
966,4,55,3
966,5,65,1
967,1,12,1
967,2,21,2
967,3,48,2
968,1,20,1
968,2,28,3
968,3,94,1
969,1,57,3
969,2,58,3
969,3,74,1
969,4,75,3
969,5,96,1
970,1,1,3
970,2,10,1
970,3,37,1
970,4,56,2
971,1,15,3
971,2,35,2
971,3,54,1
971,4,70,2
972,1,5,1
972,2,23,3
972,3,26,3
972,4,27,2
972,5,42,1
972,6,49,3
972,7,94,1
973,1,3,3
973,2,5,1
973,3,46,3
974,1,10,2
974,2,31,1
974,3,53,1
974,4,90,3
975,1,5,3
975,2,30,1
975,3,44,2
975,4,93,1
976,1,21,2
976,2,25,1
976,3,38,3
976,4,52,2
977,1,79,3
977,2,85,1
978,1,14,2
978,2,58,2
978,3,61,1
978,4,79,2
979,1,82,1
979,2,99,1
980,1,7,2
980,2,59,3
980,3,72,1
980,4,79,3
981,1,13,1
981,2,38,2
981,3,59,1
981,4,77,1
982,1,1,2
982,2,2,3
982,3,25,2
982,4,27,3
982,5,56,3
983,1,0,1
983,2,4,2
983,3,8,3
984,1,33,3
984,2,41,2
984,3,76,3
984,4,81,1
985,1,19,1
985,2,21,3
985,3,33,2
985,4,69,1
985,5,80,3
986,1,3,1
986,2,10,3
987,1,0,2
987,2,55,2
988,1,1,2
988,2,29,3
988,3,31,1
988,4,58,1
989,1,26,2
989,2,29,1
989,3,44,2
989,4,91,3
989,5,97,1
990,1,4,3
990,2,50,3
990,3,74,1
991,1,17,2
992,1,2,2
992,2,31,1
992,3,59,1
992,4,61,3
992,5,84,2
993,1,43,1
993,2,93,3
994,1,21,3
994,2,52,3
995,1,46,1
995,2,80,3
996,1,6,3
996,2,22,1
997,1,15,3
997,2,17,2
997,3,34,1
997,4,74,1
997,5,97,1
998,1,11,2
998,2,18,1
998,3,31,3
998,4,49,1
998,5,99,2
999,1,1,3
999,2,15,2
999,3,49,1
999,4,76,1
1000,1,26,1
1000,2,30,1
1000,3,69,1
1000,4,95,2
1001,1,18,3
1001,2,44,2
1002,1,10,3
1002,2,67,1
1002,3,97,2
1003,1,29,2
1003,2,36,2
1003,3,38,2
1003,4,52,2
1003,5,66,1
1004,1,34,3
1004,2,80,3
1005,1,42,2
1005,2,44,3
1005,3,46,2
1006,1,34,3
1006,2,99,2
1007,1,21,3
1007,2,58,2
1007,3,85,2
1008,1,24,3
1008,2,55,2
1008,3,84,3
1009,1,23,2
1010,1,9,1
1010,2,44,2
1010,3,52,2
1010,4,64,3
1011,1,5,3
1011,2,34,2
1011,3,60,3
1011,4,78,3
1011,5,97,2
1012,1,11,1
1012,2,37,3
1013,1,35,3
1013,2,40,1
1013,3,57,3
1013,4,99,3
1014,1,11,1
1014,2,33,1
1014,3,64,1
1014,4,73,2
1014,5,84,3
1015,1,7,2
1015,2,16,2
1015,3,22,3
1015,4,53,2
1015,5,75,2
1016,1,1,1
1016,2,38,2
1016,3,61,2
1016,4,76,1
1016,5,95,1
1017,1,14,2
1017,2,25,3
1017,3,32,3
1017,4,59,2
1017,5,72,3
1018,1,45,1
1018,2,46,2
1018,3,61,1
1018,4,69,1
1018,5,84,3
1018,6,99,1
1019,1,44,3
1019,2,70,3
1019,3,76,1
1020,1,23,1
1020,2,53,3
1020,3,57,3
1021,1,44,1
1021,2,48,1
1021,3,49,1
1021,4,87,2
1022,1,22,3
1022,2,24,2
1022,3,35,2
1022,4,68,3
1023,1,2,2
1023,2,7,3
1023,3,14,2
1023,4,31,3
1023,5,33,3
1023,6,49,3
1023,7,58,1
1023,8,59,1
1023,9,67,3
1023,10,79,1
1024,1,1,1
1024,2,10,1
1024,3,35,3
1024,4,40,1
1024,5,51,2
1024,6,59,3
1025,1,65,3
1026,1,26,3
1026,2,44,2
1026,3,68,3
1026,4,82,3
1027,1,12,2
1027,2,15,2
1027,3,39,3
1027,4,70,3
1027,5,79,2
1028,1,15,2
1028,2,20,2
1028,3,35,2
1028,4,49,1
1029,1,10,2
1029,2,46,2
1029,3,72,1
1029,4,75,1
1029,5,81,3
1029,6,86,3
1030,1,60,1
1030,2,77,1
1030,3,84,1
1030,4,95,1
1031,1,22,1
1031,2,49,1
1031,3,53,1
1032,1,19,1
1032,2,25,2
1032,3,37,1
1032,4,68,3
1032,5,78,2
1033,1,5,2
1033,2,7,2
1033,3,31,2
1033,4,38,2
1033,5,54,1
1033,6,95,1
1033,7,99,3
1034,1,26,2
1034,2,29,3
1034,3,30,2
1034,4,69,2
1034,5,90,1
1035,1,6,3
1035,2,29,3
1035,3,52,3
1035,4,72,2
1036,1,37,2
1036,2,75,2
1036,3,77,2
1037,1,9,1
1037,2,32,2
1037,3,35,2
1037,4,38,1
1037,5,71,3
1037,6,95,3
1038,1,5,2
1038,2,18,1
1038,3,45,1
1038,4,87,1
1038,5,96,3
1038,6,99,3
1039,1,18,2
1039,2,27,2
1039,3,45,1
1039,4,66,2
1040,1,41,1
1040,2,58,1
1040,3,61,3
1040,4,62,1
1041,1,44,3
1041,2,64,1
1041,3,73,1
1042,1,38,1
1042,2,77,1
1043,1,10,3
1043,2,28,2
1043,3,32,3
1043,4,53,1
1043,5,54,3
1043,6,83,3
1044,1,15,1
1044,2,36,2
1044,3,39,2
1044,4,84,1
1045,1,2,3
1045,2,9,1
1045,3,70,2
1045,4,85,3
1046,1,7,2
1046,2,99,1
1047,1,29,2
1047,2,40,1
1047,3,99,3
1048,1,33,2
1048,2,63,1
1048,3,78,1
1049,1,7,1
1049,2,13,2
1049,3,22,3
1049,4,55,2
1049,5,68,3
1050,1,38,2
1050,2,45,2
1050,3,53,1
1050,4,87,1
1051,1,7,2
1051,2,33,1
1051,3,49,2
1051,4,70,1
1051,5,71,2
1052,1,6,2
1052,2,62,3
1052,3,90,3
1052,4,95,1
1053,1,22,3
1053,2,82,1
1054,1,0,3
1054,2,5,1
1054,3,15,3
1054,4,45,3
1054,5,74,3
1054,6,92,2
1055,1,69,2
1056,1,4,2
1056,2,86,2
1057,1,2,3
1057,2,50,3
1057,3,71,3
1057,4,99,3
1058,1,17,2
1058,2,50,3
1058,3,63,2
1058,4,95,1
1059,1,4,3
1059,2,13,3
1059,3,44,1
1059,4,47,2
1060,1,35,3
1060,2,36,1
1060,3,50,2
1060,4,51,2
1060,5,57,3
1061,1,21,2
1061,2,25,1
1061,3,36,1
1061,4,40,1
1061,5,65,2
1061,6,75,1
1062,1,37,3
1062,2,63,1
1062,3,82,2
1062,4,99,1
1063,1,23,1
1063,2,45,1
1063,3,51,1
1063,4,66,1
1063,5,99,2
1064,1,1,2
1064,2,19,2
1064,3,20,1
1064,4,22,1
1064,5,91,1
1065,1,25,3
1065,2,42,1
1066,1,3,1
1066,2,33,1
1066,3,37,2
1066,4,48,2
1066,5,56,3
1066,6,73,1
1067,1,47,3
1067,2,58,3
1067,3,61,3
1067,4,65,1
1067,5,90,2
1067,6,95,3
1068,1,26,3
1068,2,34,1
1068,3,52,3
1068,4,67,2
1069,1,11,3
1069,2,13,3
1069,3,31,1
1069,4,73,3
1070,1,16,2
1070,2,20,3
1070,3,65,2
1071,1,22,2
1071,2,25,1
1071,3,50,1
1071,4,66,3
1071,5,79,3
1072,1,31,2
1072,2,32,1
1072,3,82,3
1072,4,91,1
1073,1,10,2
1073,2,68,3
1073,3,80,3
1073,4,93,3
1074,1,22,3
1074,2,26,2
1074,3,45,1
1074,4,79,3
1075,1,8,2
1075,2,10,2
1075,3,31,3
1075,4,95,3
1076,1,1,2
1076,2,26,3
1076,3,54,3
1077,1,19,1
1077,2,24,2
1077,3,56,1
1078,1,17,1
1078,2,28,2
1078,3,32,1
1078,4,38,3
1078,5,68,1
1079,1,7,1
1079,2,10,2
1079,3,42,3
1079,4,50,2
1079,5,84,2
1080,1,10,2
1080,2,28,2
1080,3,64,3
1081,1,15,3
1081,2,24,2
1081,3,33,1
1081,4,41,3
1081,5,48,2
1081,6,91,1
1082,1,7,1
1082,2,54,3
1082,3,63,3
1082,4,65,3
1082,5,67,3
1082,6,68,3
1082,7,80,2
1083,1,16,2
1083,2,80,2
1083,3,92,2
1084,1,10,1
1084,2,17,3
1084,3,55,2
1084,4,70,2
1085,1,31,3
1085,2,59,2
1085,3,65,2
1085,4,80,3
1085,5,84,3
1086,1,68,3
1086,2,83,2
1087,1,27,2
1087,2,41,3
1088,1,11,1
1088,2,17,2
1088,3,23,1
1088,4,34,1
1089,1,5,3
1089,2,19,2
1089,3,55,3
1089,4,93,1
1090,1,18,3
1090,2,58,1
1090,3,65,2
1090,4,90,2
1091,1,18,1
1092,1,30,2
1093,1,28,2
1093,2,52,1
1093,3,79,3
1094,1,25,3
1094,2,37,2
1094,3,60,1
1094,4,75,3
1095,1,31,1
1095,2,32,2
1095,3,62,2
1095,4,84,1
1096,1,19,1
1096,2,67,1
1096,3,71,3
1096,4,96,2
1097,1,22,3
1097,2,31,1
1097,3,34,3
1097,4,78,3
1097,5,86,3
1097,6,87,2
1098,1,13,2
1098,2,16,1
1098,3,81,1
1099,1,10,2
1099,2,40,2
1099,3,46,1
1099,4,64,2
1099,5,78,2
1100,1,14,3
1100,2,37,2
1100,3,52,3
1100,4,56,2
1101,1,12,1
1101,2,25,2
1101,3,30,3
1101,4,75,1
1102,1,5,2
1102,2,21,1
1102,3,31,3
1102,4,66,1
1102,5,70,3
1103,1,27,1
1103,2,68,3
1104,1,62,2
1104,2,86,1
1105,1,61,1
1105,2,70,2
1105,3,85,1
1106,1,12,2
1106,2,14,2
1106,3,23,1
1106,4,30,2
1106,5,41,2
1106,6,99,2
1107,1,22,3
1107,2,64,3
1107,3,94,1
1108,1,23,3
1108,2,25,3
1108,3,50,2
1108,4,59,1
1108,5,75,2
1109,1,0,3
1109,2,37,1
1109,3,68,2
1109,4,81,1
1110,1,31,1
1110,2,35,3
1110,3,66,2
1110,4,71,2
1110,5,93,1
1110,6,95,1
1111,1,14,2
1111,2,23,3
1111,3,75,1
1111,4,78,1
1112,1,15,2
1112,2,31,2
1112,3,32,2
1112,4,52,3
1113,1,4,2
1113,2,10,2
1113,3,19,3
1113,4,61,3
1113,5,64,1
1114,1,35,2
1114,2,36,1
1114,3,47,3
1114,4,52,2
1114,5,89,1
1115,1,21,1
1115,2,30,1
1115,3,63,2
1116,1,16,2
1116,2,53,3
1116,3,76,3
1117,1,6,1
1117,2,8,3
1117,3,32,3
1117,4,34,2
1117,5,53,3
1117,6,75,2
1117,7,80,1
1118,1,36,1
1118,2,43,1
1118,3,59,1
1119,1,35,3
1119,2,47,2
1119,3,60,3
1119,4,77,2
1120,1,22,2
1120,2,25,2
1120,3,43,2
1120,4,52,2
1120,5,67,1
1121,1,7,2
1121,2,12,2
1121,3,36,1
1121,4,47,1
1122,1,0,1
1122,2,13,2
1122,3,17,3
1122,4,65,3
1122,5,95,2
1122,6,96,1
1122,7,98,1
1123,1,22,3
1123,2,38,2
1123,3,58,1
1124,1,33,3
1124,2,61,3
1124,3,75,1
1125,1,15,3
1125,2,22,3
1125,3,74,3
1125,4,86,3
1126,1,10,2
1126,2,64,3
1126,3,72,3
1127,1,4,2
1127,2,33,2
1127,3,53,1
1128,1,19,2
1128,2,23,3
1128,3,33,2
1128,4,77,2
1128,5,83,1
1129,1,63,1
1129,2,89,3
1129,3,94,1
1130,1,32,2
1130,2,55,3
1130,3,62,2
1130,4,68,1
1130,5,94,1
1131,1,17,1
1131,2,31,1
1131,3,40,1
1131,4,70,3
1131,5,99,2
1132,1,40,3
1132,2,93,2
1133,1,4,1
1133,2,29,2
1133,3,83,3
1133,4,91,1
1134,1,79,2
1134,2,99,1
1135,1,16,3
1135,2,20,1
1135,3,47,1
1135,4,53,2
1136,1,7,1
1136,2,19,3
1136,3,25,2
1136,4,41,3
1137,1,0,3
1137,2,28,2
1137,3,34,2
1137,4,44,2
1137,5,45,1
1137,6,91,3
1137,7,92,1
1138,1,55,1
1138,2,61,1
1138,3,68,3
1139,1,19,1
1139,2,54,1
1139,3,55,2
1139,4,69,1
1139,5,70,2
1139,6,74,1
1140,1,34,3
1140,2,97,1
1141,1,43,2
1141,2,52,3
1141,3,76,1
1141,4,84,1
1142,1,19,2
1142,2,22,3
1142,3,68,2
1143,1,22,3
1143,2,66,2
1143,3,94,2
1144,1,32,1
1144,2,99,1
1145,1,2,2
1145,2,43,1
1145,3,57,3
1145,4,67,2
1145,5,76,2
1145,6,95,2
1146,1,17,3
1146,2,19,2
1146,3,90,1
1147,1,1,2
1147,2,15,2
1147,3,33,1
1147,4,74,1
1148,1,25,3
1148,2,46,1
1148,3,55,3
1148,4,99,2
1149,1,8,1
1149,2,11,3
1149,3,19,1
1149,4,43,3
1149,5,93,3
1150,1,10,3
1150,2,56,2
1150,3,76,2
1150,4,77,2
1150,5,95,1
1151,1,27,1
1151,2,35,2
1151,3,68,1
1151,4,95,3
1152,1,20,3
1152,2,21,1
1152,3,25,1
1152,4,75,2
1152,5,91,1
1153,1,5,3
1153,2,14,1
1153,3,53,1
1153,4,61,1
1153,5,77,1
1153,6,80,2
1154,1,51,3
1154,2,62,2
1155,1,22,1
1155,2,32,3
1155,3,35,1
1155,4,42,2
1155,5,58,2
1155,6,82,2
1156,1,17,3
1157,1,28,3
1157,2,29,1
1157,3,30,3
1157,4,39,1
1157,5,75,2
1157,6,80,1
1158,1,43,2
1158,2,93,2
1159,1,8,2
1159,2,31,3
1159,3,52,1
1159,4,56,1
1159,5,65,3
1159,6,87,2
1160,1,10,3
1160,2,12,2
1160,3,15,2
1160,4,57,3
1160,5,68,1
1160,6,71,2
1160,7,99,3
1161,1,19,2
1161,2,22,2
1161,3,60,2
1161,4,82,1
1162,1,16,3
1162,2,62,1
1163,1,15,1
1163,2,24,3
1163,3,37,1
1163,4,74,2
1164,1,22,2
1164,2,55,3
1164,3,61,1
1165,1,8,1
1165,2,46,1
1165,3,60,1
1165,4,81,3
1165,5,82,3
1165,6,90,2
1166,1,26,3
1166,2,29,1
1166,3,80,1
1167,1,1,2
1167,2,49,2
1167,3,79,1
1167,4,86,3
1167,5,94,3
1168,1,32,3
1168,2,38,3
1168,3,49,3
1168,4,97,2
1169,1,37,3
1169,2,58,3
1169,3,68,3
1170,1,62,3
1170,2,76,2
1171,1,3,1
1171,2,17,2
1171,3,25,1
1171,4,49,3
1171,5,59,3
1171,6,61,3
1171,7,81,1
1171,8,98,1
1172,1,28,3
1172,2,44,3
1172,3,55,1
1172,4,64,1
1172,5,70,3
1172,6,99,1
1173,1,14,1
1173,2,18,1
1173,3,24,1
1173,4,29,3
1173,5,80,3
1174,1,15,2
1174,2,24,3
1174,3,38,1
1174,4,42,2
1175,1,64,1
1176,1,31,2
1176,2,71,2
1176,3,95,3
1177,1,49,1
1177,2,54,3
1177,3,55,1
1178,1,22,1
1178,2,77,3
1179,1,29,1
1179,2,69,1
1180,1,18,1
1180,2,29,1
1180,3,91,1
1181,1,7,2
1181,2,13,2
1181,3,16,2
1181,4,24,1
1181,5,37,1
1181,6,42,1
1181,7,58,3
1181,8,74,2
1182,1,1,1
1182,2,46,3
1183,1,84,2
1183,2,87,3
1184,1,64,3
1185,1,72,1
1185,2,81,3
1186,1,14,1
1186,2,25,1
1186,3,44,2
1186,4,59,3
1186,5,88,1
1186,6,95,2
1187,1,38,3
1187,2,67,2
1187,3,75,1
1187,4,93,2
1187,5,96,2
1188,1,42,2
1188,2,60,1
1188,3,73,1
1188,4,89,1
1189,1,5,2
1189,2,23,1
1189,3,25,2
1189,4,27,1
1190,1,4,1
1190,2,33,2
1190,3,65,2
1191,1,27,1
1191,2,50,3
1191,3,57,3
1191,4,73,1
1191,5,99,1
1192,1,25,2
1192,2,36,3
1192,3,45,3
1192,4,47,3
1192,5,82,3
1193,1,17,3
1193,2,77,1
1193,3,83,2
1193,4,84,3
1194,1,23,2
1194,2,30,3
1194,3,45,2
1194,4,47,1
1194,5,56,1
1194,6,92,2
1195,1,13,2
1195,2,36,2
1196,1,15,3
1196,2,24,2
1196,3,25,2
1196,4,34,3
1197,1,69,2
1197,2,87,2
1197,3,95,1
1197,4,99,1
1198,1,4,2
1198,2,29,1
1198,3,33,3
1198,4,69,3
1199,1,3,3
1199,2,10,3
1199,3,31,2
1200,1,29,3
1200,2,41,3
1200,3,76,3
1201,1,27,2
1201,2,44,3
1201,3,50,2
1201,4,56,2
1202,1,3,1
1202,2,19,3
1202,3,30,3
1202,4,77,3
1202,5,85,2
1203,1,39,3
1203,2,63,2
1203,3,84,3
1204,1,31,3
1204,2,41,1
1204,3,87,3
1204,4,93,3
1205,1,45,3
1205,2,89,2
1205,3,91,1
1205,4,94,1
1206,1,31,3
1206,2,37,1
1206,3,99,3
1207,1,22,2
1207,2,25,3
1207,3,37,3
1207,4,61,1
1208,1,63,1
1208,2,83,3
1208,3,98,1
1209,1,30,3
1209,2,32,2
1209,3,69,1
1209,4,72,2
1209,5,80,3
1210,1,31,2
1210,2,43,3
1210,3,67,3
1210,4,78,3
1211,1,55,3
1211,2,71,2
1211,3,83,1
1212,1,2,3
1212,2,7,2
1212,3,13,3
1212,4,24,2
1212,5,39,2
1212,6,83,2
1212,7,84,2
1213,1,72,3
1214,1,46,3
1214,2,53,1
1215,1,38,2
1215,2,49,1
1215,3,59,3
1215,4,77,1
1216,1,6,2
1216,2,12,2
1216,3,58,1
1216,4,81,2
1216,5,93,3
1216,6,95,2
1217,1,37,2
1217,2,43,1
1217,3,51,3
1217,4,83,3
1217,5,91,1
1217,6,95,1
1218,1,55,1
1218,2,56,2
1218,3,99,3
1219,1,24,3
1219,2,54,1
1219,3,65,1
1219,4,77,3
1219,5,86,2
1220,1,26,2
1220,2,31,2
1220,3,67,2
1221,1,83,1
1221,2,91,1
1221,3,94,2
1222,1,32,3
1223,1,24,3
1223,2,50,3
1223,3,74,1
1224,1,47,2
1224,2,54,3
1225,1,34,1
1225,2,92,2
1226,1,77,3
1226,2,90,2
1227,1,61,3
1227,2,94,3
1228,1,5,3
1228,2,73,3
1229,1,12,3
1229,2,38,1
1229,3,77,2
1229,4,93,2
1230,1,1,3
1230,2,24,2
1230,3,42,2
1230,4,77,2
1230,5,84,3
1230,6,95,2
1231,1,4,1
1231,2,30,2
1231,3,58,1
1231,4,78,1
1232,1,0,3
1232,2,71,3
1232,3,92,2
1233,1,7,3
1233,2,58,3
1233,3,59,3
1234,1,39,2
1234,2,45,1
1234,3,67,1
1234,4,71,3
1234,5,88,3
1234,6,95,1
1235,1,29,1
1235,2,42,3
1235,3,50,2
1235,4,58,1
1235,5,87,1
1236,1,6,1
1236,2,31,2
1236,3,42,3
1236,4,67,3
1236,5,83,2
1236,6,95,1
1236,7,96,1
1237,1,49,3
1237,2,63,3
1238,1,10,2
1238,2,25,2
1238,3,34,1
1238,4,94,3
1239,1,40,1
1239,2,82,2
1240,1,0,2
1240,2,2,3
1240,3,30,1
1240,4,56,1
1240,5,98,3
1241,1,12,1
1241,2,16,1
1241,3,26,3
1241,4,81,3
1241,5,93,3
1242,1,19,2
1242,2,31,1
1242,3,91,2
1242,4,92,3
1243,1,4,3
1243,2,10,2
1243,3,39,2
1243,4,46,3
1243,5,69,3
1244,1,13,3
1245,1,27,1
1245,2,75,3
1246,1,7,1
1246,2,9,3
1246,3,32,2
1246,4,36,3
1247,1,14,2
1247,2,23,3
1247,3,46,1
1247,4,58,3
1247,5,70,2
1247,6,73,1
1247,7,94,3
1248,1,12,3
1248,2,17,1
1248,3,34,1
1249,1,61,1
1250,1,51,2
1250,2,89,3
1251,1,12,1
1251,2,25,3
1251,3,51,3
1251,4,59,1
1251,5,61,1
1251,6,75,3
1252,1,4,3
1252,2,40,3
1252,3,46,1
1252,4,78,3
1253,1,23,2
1253,2,36,1
1253,3,84,3
1253,4,94,3
1254,1,24,1
1254,2,87,2
1254,3,93,3
1254,4,95,3
1255,1,57,1
1255,2,63,1
1255,3,90,2
1255,4,97,2
1256,1,17,1
1256,2,19,1
1256,3,22,3
1256,4,32,2
1256,5,89,1
1256,6,99,1
1257,1,77,2
1257,2,95,3
1257,3,99,2
1258,1,7,1
1258,2,29,3
1258,3,40,3
1258,4,51,2
1259,1,25,1
1259,2,49,2
1259,3,77,1
1259,4,84,1
1259,5,94,1
1260,1,9,1
1260,2,29,2
1260,3,31,2
1260,4,32,2
1260,5,38,2
1260,6,46,3
1261,1,13,3
1261,2,25,3
1261,3,71,1
1261,4,76,2
1261,5,95,2
1262,1,57,3
1263,1,26,3
1263,2,80,3
1264,1,36,2
1264,2,37,1
1264,3,45,1
1264,4,89,2
1265,1,19,3
1265,2,68,3
1265,3,71,1
1265,4,99,3
1266,1,60,1
1266,2,68,1
1267,1,18,2
1267,2,28,3
1267,3,68,2
1267,4,91,2
1268,1,10,1
1268,2,27,1
1268,3,33,3
1268,4,53,3
1268,5,54,3
1268,6,55,1
1268,7,62,1
1269,1,62,2
1269,2,65,3
1269,3,96,3
1270,1,57,1
1270,2,72,3
1270,3,79,1
1270,4,95,3
1271,1,19,1
1271,2,55,3
1271,3,70,3
1271,4,80,1
1272,1,16,2
1272,2,30,3
1272,3,49,3
1273,1,4,3
1273,2,19,2
1273,3,23,2
1273,4,32,1
1273,5,61,3
1273,6,71,3
1273,7,73,1
1274,1,13,2
1274,2,28,2
1274,3,29,2
1274,4,56,3
1274,5,69,3
1274,6,75,3
1274,7,78,2
1274,8,93,1
1275,1,3,2
1275,2,25,3
1275,3,39,2
1275,4,94,1
1276,1,8,1
1276,2,20,3
1276,3,26,3
1276,4,29,1
1276,5,51,3
1276,6,69,2
1276,7,78,3
1277,1,12,1
1277,2,85,3
1278,1,10,2
1278,2,57,2
1278,3,63,1
1278,4,69,1
1278,5,75,1
1278,6,86,3
1279,1,1,1
1279,2,2,2
1279,3,3,1
1279,4,27,2
1279,5,44,3
1279,6,97,1
1280,1,48,2
1280,2,80,1
1281,1,6,2
1281,2,42,2
1281,3,51,3
1281,4,57,2
1281,5,86,1
1281,6,91,2
1282,1,12,1
1282,2,24,3
1282,3,44,2
1282,4,62,1
1282,5,73,1
1283,1,13,2
1283,2,61,2
1284,1,0,1
1284,2,32,2
1284,3,59,1
1284,4,98,3
1285,1,11,2
1285,2,61,1
1285,3,71,2
1285,4,74,1
1286,1,5,3
1286,2,6,2
1286,3,20,1
1286,4,45,1
1286,5,89,3
1286,6,99,2
1287,1,11,2
1287,2,17,3
1287,3,39,3
1287,4,41,1
1287,5,60,1
1288,1,20,2
1288,2,61,2
1288,3,74,2
1289,1,28,2
1289,2,54,1
1289,3,75,1
1289,4,80,1
1289,5,89,2
1290,1,0,2
1290,2,44,1
1290,3,71,2
1290,4,72,3
1290,5,79,1
1290,6,82,3
1291,1,8,1
1291,2,31,2
1291,3,56,3
1291,4,86,3
1292,1,5,3
1292,2,12,3
1292,3,41,2
1292,4,50,3
1292,5,93,3
1292,6,95,3
1293,1,21,3
1293,2,33,1
1293,3,34,1
1293,4,47,1
1293,5,59,2
1293,6,81,3
1293,7,92,2
1294,1,43,3
1294,2,93,1
1295,1,3,3
1295,2,37,1
1295,3,45,3
1295,4,76,3
1295,5,81,3
1296,1,24,1
1296,2,43,1
1296,3,44,3
1296,4,75,1
1296,5,91,1
1296,6,93,1
1296,7,94,2
1297,1,33,3
1297,2,55,1
1297,3,79,3
1297,4,87,2
1297,5,99,3
1298,1,22,1
1298,2,68,2
1298,3,88,1
1298,4,95,3
1299,1,18,3
1299,2,55,1
1299,3,56,3
1299,4,66,2
1300,1,18,1
1300,2,23,1
1300,3,27,3
1300,4,34,3
1300,5,37,3
1300,6,66,3
1301,1,41,1
1301,2,59,2
1301,3,72,1
1302,1,30,1
1302,2,35,1
1302,3,54,1
1302,4,56,3
1302,5,80,2
1302,6,90,2
1302,7,92,2
1303,1,4,3
1303,2,17,1
1303,3,54,1
1303,4,75,3
1303,5,78,2
1304,1,3,3
1304,2,5,1
1304,3,31,2
1304,4,32,2
1304,5,84,3
1304,6,93,3
1305,1,18,2
1305,2,25,2
1305,3,30,1
1305,4,39,1
1305,5,68,3
1306,1,2,3
1306,2,19,3
1306,3,74,3
1306,4,84,3
1306,5,88,2
1307,1,9,2
1307,2,16,2
1307,3,28,1
1307,4,30,2
1307,5,75,2
1307,6,78,1
1308,1,22,1
1308,2,65,1
1308,3,68,2
1308,4,71,2
1308,5,75,3
1308,6,86,2
1309,1,19,1
1309,2,54,1
1309,3,69,1
1310,1,24,3
1310,2,46,2
1310,3,58,2
1310,4,74,3
1310,5,87,3
1310,6,90,1
1311,1,10,1
1311,2,30,3
1311,3,96,3
1312,1,17,2
1312,2,20,1
1312,3,31,2
1312,4,50,2
1312,5,71,2
1313,1,6,1
1313,2,19,3
1313,3,32,3
1313,4,68,3
1314,1,23,3
1314,2,94,3
1315,1,70,3
1315,2,71,1
1315,3,75,2
1315,4,92,1
1316,1,12,1
1316,2,20,3
1316,3,39,3
1316,4,58,2
1316,5,60,2
1316,6,79,2
1317,1,42,1
1317,2,70,1
1318,1,10,2
1318,2,16,1
1318,3,32,2
1319,1,1,3
1319,2,22,2
1319,3,64,2
1319,4,88,1
1320,1,22,1
1320,2,47,2
1320,3,96,3
1321,1,1,3
1321,2,12,1
1321,3,69,3
1321,4,95,3
1322,1,34,3
1322,2,69,3
1322,3,70,1
1322,4,82,1
1322,5,91,2
1322,6,92,2
1322,7,94,3
1323,1,9,1
1323,2,22,1
1323,3,32,3
1323,4,57,3
1323,5,84,2
1324,1,21,3
1324,2,25,1
1324,3,31,2
1324,4,49,1
1324,5,77,1
1324,6,95,1
1325,1,18,3
1325,2,80,2
1326,1,54,1
1326,2,68,1
1327,1,2,3
1327,2,73,3
1327,3,86,2
1327,4,97,1
1328,1,28,2
1328,2,70,3
1328,3,83,2
1328,4,93,2
1329,1,26,1
1329,2,69,3
1330,1,33,1
1330,2,61,1
1330,3,78,2
1331,1,4,1
1331,2,8,1
1331,3,31,2
1331,4,52,2
1331,5,95,2
1332,1,14,3
1332,2,23,1
1332,3,34,1
1332,4,89,1
1333,1,25,1
1333,2,34,3
1333,3,58,2
1333,4,68,2
1333,5,71,1
1333,6,88,3
1334,1,36,3
1334,2,66,3
1334,3,69,3
1335,1,10,1
1335,2,56,2
1335,3,61,2
1335,4,69,2
1335,5,75,1
1335,6,80,1
1336,1,5,2
1336,2,11,1
1336,3,55,2
1336,4,92,2
1336,5,94,3
1337,1,37,3
1338,1,35,2
1338,2,50,3
1338,3,61,1
1339,1,6,2
1339,2,38,1
1339,3,58,3
1339,4,62,1
1339,5,78,3
1340,1,10,1
1340,2,55,1
1340,3,63,2
1340,4,98,3
1341,1,9,3
1341,2,17,2
1341,3,56,1
1342,1,7,2
1342,2,38,2
1342,3,76,1
1343,1,27,3
1343,2,61,3
1344,1,16,3
1344,2,54,1
1345,1,21,3
1345,2,35,2
1345,3,38,2
1345,4,41,2
1345,5,65,2
1345,6,71,2
1345,7,84,1
1346,1,2,3
1346,2,33,2
1346,3,41,1
1346,4,73,2
1347,1,19,3
1347,2,31,1
1347,3,80,2
1347,4,83,2
1348,1,74,3
1349,1,65,2
1349,2,79,1
1349,3,99,1
1350,1,5,3
1350,2,23,1
1350,3,67,3
1350,4,69,1
1350,5,77,1
1350,6,87,2
1351,1,9,1
1351,2,31,3
1351,3,54,3
1352,1,1,3
1352,2,15,2
1352,3,89,3
1352,4,95,1
1353,1,0,3
1353,2,32,1
1353,3,42,3
1353,4,69,2
1353,5,71,1
1353,6,84,1
1354,1,23,1
1354,2,60,1
1354,3,69,2
1354,4,99,3
1355,1,49,3
1355,2,59,2
1355,3,94,3
1356,1,4,1
1356,2,26,2
1356,3,46,1
1356,4,52,1
1356,5,53,3
1356,6,54,3
1357,1,1,2
1357,2,38,3
1357,3,44,3
1358,1,0,2
1358,2,10,1
1358,3,39,1
1358,4,81,2
1358,5,98,1
1359,1,3,2
1359,2,20,1
1359,3,33,1
1359,4,70,3
1359,5,76,1
1359,6,85,1
1360,1,3,3
1360,2,41,1
1360,3,61,2
1360,4,75,3
1360,5,82,1
1361,1,5,1
1361,2,37,3
1361,3,47,3
1361,4,49,2
1361,5,57,3
1361,6,83,3
1362,1,0,3
1362,2,97,3
1363,1,6,3
1363,2,32,3
1363,3,57,1
1363,4,70,1
1364,1,34,3
1365,1,75,1
1365,2,96,1
1366,1,93,3
1366,2,96,3
1367,1,2,3
1367,2,61,2
1367,3,66,3
1367,4,90,3
1367,5,97,1
1367,6,99,1
1368,1,34,1
1368,2,36,2
1368,3,69,3
1368,4,92,1
1368,5,94,3
1369,1,6,1
1369,2,17,1
1369,3,57,1
1369,4,82,1
1369,5,85,2
1370,1,0,3
1370,2,11,1
1370,3,18,2
1370,4,29,2
1370,5,83,2
1370,6,94,2
1371,1,10,1
1371,2,31,2
1371,3,37,3
1371,4,68,3
1371,5,92,1
1372,1,0,1
1372,2,22,1
1372,3,26,3
1372,4,32,2
1372,5,63,2
1373,1,32,1
1373,2,33,3
1373,3,67,2
1373,4,73,2
1373,5,84,3
1374,1,32,1
1374,2,52,3
1374,3,62,2
1374,4,77,1
1375,1,26,1
1375,2,70,3
1376,1,6,3
1376,2,11,2
1376,3,22,1
1376,4,54,3
1376,5,99,2
1377,1,10,2
1377,2,20,1
1377,3,80,3
1378,1,19,1
1378,2,20,3
1378,3,46,1
1378,4,72,2
1378,5,75,3
1378,6,99,3
1379,1,63,3
1379,2,95,2
1380,1,23,1
1380,2,28,1
1381,1,25,1
1381,2,32,1
1381,3,50,3
1381,4,67,2
1382,1,40,3
1382,2,46,1
1382,3,71,3
1382,4,90,2
1382,5,98,2
1383,1,17,2
1383,2,32,1
1384,1,8,2
1384,2,35,2
1384,3,36,3
1384,4,50,1
1384,5,76,3
1385,1,1,2
1385,2,5,2
1385,3,34,3
1385,4,95,2
1386,1,31,3
1386,2,38,1
1386,3,52,1
1386,4,96,3
1387,1,39,3
1387,2,49,2
1387,3,79,1
1387,4,92,3
1387,5,97,1
1387,6,99,1
1388,1,15,1
1388,2,30,3
1388,3,42,3
1388,4,67,1
1388,5,85,1
1389,1,9,3
1389,2,17,1
1389,3,21,2
1389,4,35,1
1389,5,99,3
1390,1,8,2
1390,2,20,1
1390,3,31,3
1390,4,85,3
1390,5,88,3
1390,6,94,3
1390,7,96,3
1391,1,26,3
1391,2,44,1
1391,3,70,3
1391,4,92,1
1391,5,93,2
1392,1,17,2
1392,2,23,1
1392,3,44,2
1392,4,55,1
1392,5,96,2
1392,6,99,2
1393,1,0,3
1393,2,1,2
1393,3,31,3
1393,4,53,3
1393,5,54,2
1394,1,41,2
1394,2,48,1
1394,3,51,3
1394,4,82,2
1395,1,12,3
1395,2,14,3
1395,3,19,2
1395,4,56,3
1395,5,89,1
1395,6,97,1
1396,1,7,2
1396,2,8,1
1396,3,62,1
1396,4,79,2
1397,1,6,1
1397,2,61,3
1397,3,73,2
1397,4,82,3
1397,5,96,1
1397,6,99,3
1398,1,4,2
1398,2,10,2
1398,3,80,1
1398,4,91,3
1399,1,4,3
1399,2,16,2
1399,3,23,3
1399,4,26,1
1399,5,30,2
1399,6,46,3
1399,7,52,3
1400,1,47,2
1400,2,75,1
1400,3,76,2
1400,4,96,3
1400,5,97,2
1401,1,7,1
1401,2,30,1
1401,3,44,3
1401,4,54,2
1401,5,58,1
1401,6,61,3
1402,1,13,3
1402,2,34,2
1402,3,51,1
1402,4,60,1
1402,5,68,2
1403,1,3,3
1403,2,28,2
1403,3,72,2
1404,1,7,2
1404,2,32,3
1404,3,46,2
1404,4,95,3
1405,1,16,2
1405,2,32,1
1405,3,66,2
1405,4,85,1
1406,1,52,3
1406,2,93,2
1407,1,7,1
1407,2,45,2
1407,3,47,2
1407,4,62,3
1407,5,73,3
1407,6,91,1
1408,1,31,2
1408,2,40,3
1408,3,51,2
1408,4,75,2
1409,1,45,2
1409,2,49,2
1409,3,66,3
1409,4,98,3
1410,1,16,1
1410,2,18,1
1410,3,81,3
1410,4,89,1
1411,1,33,2
1411,2,79,1
1411,3,89,2
1412,1,8,3
1412,2,12,3
1412,3,17,1
1412,4,74,3
1412,5,79,3
1413,1,15,3
1413,2,35,1
1413,3,36,3
1413,4,76,2
1414,1,52,1
1414,2,73,2
1414,3,79,2
1415,1,22,3
1415,2,95,2
1415,3,99,2
1416,1,10,2
1416,2,55,2
1416,3,74,1
1416,4,97,2
1417,1,12,3
1417,2,18,1
1417,3,23,3
1417,4,80,3
1417,5,85,2
1418,1,55,1
1419,1,4,3
1419,2,16,1
1419,3,54,3
1420,1,57,2
1420,2,82,3
1421,1,9,1
1421,2,49,2
1421,3,50,1
1421,4,87,3
1421,5,90,2
1422,1,2,2
1422,2,11,1
1422,3,61,3
1422,4,68,1
1422,5,96,2
1423,1,5,2
1423,2,20,1
1423,3,56,3
1423,4,69,2
1423,5,80,1
1424,1,5,1
1424,2,83,2
1424,3,91,3
1425,1,32,3
1425,2,80,3
1425,3,94,1
1426,1,15,2
1426,2,25,3
1426,3,31,2
1426,4,77,1
1427,1,0,3
1427,2,14,3
1427,3,37,1
1427,4,38,2
1427,5,68,1
1428,1,1,1
1428,2,2,1
1428,3,12,1
1428,4,24,1
1428,5,61,2
1429,1,13,2
1429,2,40,2
1429,3,50,2
1429,4,62,3
1429,5,99,3
1430,1,10,3
1430,2,11,2
1430,3,25,1
1430,4,29,3
1430,5,43,1
1430,6,68,1
1430,7,87,2
1431,1,33,3
1431,2,49,2
1431,3,92,1
1432,1,27,1
1432,2,91,2
1433,1,26,2
1433,2,78,2
1434,1,16,3
1434,2,76,3
1435,1,10,1
1435,2,36,3
1435,3,75,2
1436,1,47,2
1437,1,15,2
1437,2,26,1
1437,3,33,1
1437,4,53,1
1437,5,55,2
1438,1,20,1
1438,2,50,1
1438,3,62,2
1438,4,83,1
1439,1,71,2
1439,2,72,2
1439,3,83,3
1439,4,86,1
1440,1,23,1
1440,2,66,2
1441,1,25,1
1441,2,29,3
1441,3,46,1
1441,4,61,1
1441,5,90,3
1441,6,91,3
1442,1,4,1
1442,2,14,2
1442,3,44,2
1442,4,85,1
1442,5,94,3
1443,1,0,1
1443,2,24,1
1443,3,56,2
1443,4,57,3
1444,1,19,3
1444,2,40,3
1444,3,46,3
1444,4,55,1
1445,1,75,2
1445,2,84,2
1445,3,87,1
1445,4,93,3
1445,5,95,3
1446,1,0,1
1446,2,67,3
1446,3,69,2
1446,4,74,2
1447,1,43,2
1447,2,48,2
1447,3,87,2
1448,1,18,2
1448,2,27,2
1448,3,34,1
1448,4,89,3
1449,1,0,1
1449,2,10,2
1449,3,22,1
1449,4,78,1
1449,5,82,3
1450,1,8,2
1450,2,95,3
1451,1,15,3
1451,2,25,1
1451,3,49,2
1451,4,58,3
1451,5,61,1
1451,6,69,3
1452,1,38,3
1453,1,1,1
1453,2,17,1
1453,3,42,2
1453,4,74,3
1453,5,85,3
1453,6,99,3
1454,1,33,3
1454,2,75,3
1455,1,0,1
1455,2,19,2
1455,3,82,3
1456,1,8,3
1456,2,10,2
1456,3,18,3
1456,4,26,1
1456,5,60,2
1456,6,63,2
1456,7,66,1
1457,1,20,3
1457,2,90,1
1458,1,17,1
1458,2,30,3
1458,3,58,2
1458,4,60,2
1458,5,71,3
1458,6,86,2
1458,7,99,2
1459,1,9,1
1459,2,15,3
1459,3,71,3
1459,4,99,3
1460,1,8,1
1460,2,38,3
1460,3,54,2
1460,4,60,1
1460,5,79,3
1461,1,16,1
1461,2,23,3
1461,3,61,3
1461,4,76,3
1461,5,94,2
1462,1,3,1
1462,2,16,3
1462,3,53,2
1462,4,63,2
1463,1,8,2
1464,1,2,3
1464,2,15,1
1464,3,26,3
1464,4,49,3
1464,5,71,2
1464,6,84,2
1465,1,10,1
1465,2,39,3
1465,3,64,1
1466,1,23,1
1466,2,33,3
1466,3,47,3
1466,4,92,3
1467,1,0,3
1467,2,5,2
1467,3,30,3
1467,4,40,1
1467,5,87,3
1467,6,99,3
1468,1,35,1
1468,2,98,1
1469,1,11,1
1469,2,33,3
1469,3,71,1
1469,4,92,3
1470,1,0,2
1470,2,58,3
1470,3,65,2
1470,4,72,1
1470,5,97,3
1470,6,99,2
1471,1,3,1
1471,2,24,2
1471,3,78,2
1471,4,82,3
1472,1,7,3
1472,2,11,1
1472,3,17,2
1472,4,70,1
1472,5,95,1
1473,1,5,1
1473,2,11,3
1473,3,21,3
1473,4,43,2
1473,5,93,1
1474,1,51,2
1474,2,59,1
1474,3,67,2
1474,4,95,1
1475,1,9,2
1475,2,72,1
1476,1,26,3
1476,2,33,2
1477,1,7,2
1477,2,13,2
1477,3,25,1
1477,4,54,2
1477,5,98,3
1478,1,7,1
1478,2,9,3
1478,3,21,3
1478,4,31,3
1478,5,87,2
1478,6,93,3
1478,7,95,3
1479,1,7,2
1479,2,21,1
1479,3,26,2
1479,4,75,1
1480,1,17,3
1480,2,40,2
1480,3,84,3
1480,4,99,3
1481,1,2,1
1481,2,10,2
1481,3,28,1
1481,4,54,3
1481,5,64,3
1481,6,69,2
1482,1,0,3
1482,2,9,1
1482,3,32,1
1482,4,49,1
1482,5,62,3
1482,6,70,2
1482,7,73,3
1483,1,0,2
1483,2,36,1
1483,3,60,1
1483,4,68,2
1484,1,36,1
1484,2,60,1
1484,3,66,3
1484,4,91,1
1484,5,99,1
1485,1,28,2
1485,2,30,3
1485,3,31,2
1485,4,59,3
1485,5,91,2
1486,1,2,3
1486,2,23,1
1486,3,42,3
1486,4,52,1
1486,5,73,3
1486,6,96,2
1487,1,16,2
1487,2,36,2
1487,3,63,2
1487,4,89,3
1487,5,90,1
1488,1,0,2
1488,2,19,3
1488,3,31,2
1488,4,53,2
1488,5,65,3
1488,6,67,3
1489,1,2,3
1489,2,4,2
1489,3,7,3
1489,4,13,1
1489,5,82,1
1490,1,46,3
1490,2,48,3
1490,3,53,1
1490,4,72,3
1490,5,80,3
1491,1,0,1
1491,2,32,2
1491,3,70,2
1491,4,99,3
1492,1,10,3
1492,2,26,1
1492,3,62,1
1492,4,75,2
1493,1,0,2
1493,2,79,1
1494,1,0,2
1494,2,55,2
1494,3,68,3
1494,4,75,1
1495,1,19,2
1495,2,34,2
1495,3,37,2
1495,4,90,2
1496,1,31,3
1496,2,37,3
1496,3,43,1
1496,4,50,1
1496,5,77,1
1497,1,10,1
1497,2,52,3
1497,3,91,3
1498,1,18,3
1498,2,66,2
1498,3,84,1
1498,4,94,1
1499,1,2,2
1499,2,7,3
1499,3,24,3
1499,4,52,3
1499,5,55,1
1499,6,56,3
1499,7,61,1
1499,8,75,1
1500,1,23,1
1500,2,55,2
1500,3,79,2
1500,4,93,3
1501,1,51,2
1501,2,75,2
1501,3,79,1
1502,1,1,3
1502,2,41,3
1502,3,48,3
1502,4,82,2
1503,1,19,3
1503,2,33,3
1503,3,74,1
1504,1,32,3
1504,2,62,1
1504,3,67,1
1504,4,95,2
1505,1,11,2
1505,2,17,1
1505,3,41,3
1506,1,0,2
1506,2,10,2
1506,3,64,3
1506,4,87,1
1507,1,14,1
1507,2,44,1
1507,3,55,3
1507,4,58,3
1507,5,59,2
1507,6,84,1
1508,1,63,1
1508,2,76,2
1508,3,87,1
1509,1,9,3
1509,2,22,1
1509,3,33,2
1509,4,44,2
1509,5,99,1
1510,1,45,1
1510,2,60,3
1510,3,66,2
1510,4,73,1
1511,1,20,1
1511,2,70,1
1511,3,72,3
1511,4,90,1
1512,1,15,2
1512,2,17,1
1512,3,99,2
1513,1,21,2
1513,2,34,1
1513,3,71,1
1513,4,81,3
1513,5,91,1
1514,1,43,1
1515,1,29,2
1515,2,31,2
1515,3,58,3
1515,4,59,1
1515,5,76,3
1515,6,80,3
1516,1,64,3
1516,2,90,2
1517,1,26,3
1517,2,61,1
1517,3,78,1
1518,1,44,1
1518,2,57,3
1518,3,78,3
1518,4,95,3
1519,1,17,1
1519,2,39,1
1519,3,48,2
1519,4,53,2
1519,5,70,3
1520,1,3,2
1520,2,6,1
1520,3,31,3
1520,4,35,2
1520,5,47,1
1520,6,70,2
1520,7,99,3
1521,1,46,1
1522,1,22,1
1522,2,47,1
1522,3,61,2
1522,4,95,1
1523,1,25,2
1523,2,75,2
1524,1,16,1
1524,2,37,2
1524,3,66,2
1524,4,92,3
1525,1,31,2
1525,2,35,1
1525,3,38,1
1525,4,42,3
1525,5,43,3
1526,1,17,3
1526,2,24,3
1526,3,31,2
1527,1,3,2
1527,2,17,3
1527,3,40,1
1527,4,56,1
1527,5,70,3
1527,6,98,3
1528,1,41,3
1528,2,89,2
1529,1,23,1
1529,2,27,1
1529,3,39,1
1529,4,91,2
1529,5,92,1
1530,1,12,2
1530,2,16,1
1530,3,80,2
1531,1,8,3
1531,2,72,2
1531,3,75,1
1532,1,24,1
1532,2,31,3
1532,3,60,3
1532,4,67,3
1532,5,68,1
1532,6,80,1
1533,1,25,3
1533,2,33,2
1533,3,64,2
1533,4,90,1
1534,1,32,3
1534,2,48,2
1534,3,95,1
1535,1,13,1
1535,2,80,1
1535,3,85,3
1535,4,99,1
1536,1,48,3
1536,2,83,2
1536,3,94,1
1537,1,68,1
1537,2,78,1
1537,3,92,2
1537,4,99,1
1538,1,22,3
1538,2,59,2
1538,3,93,1
1538,4,94,2
1539,1,7,2
1539,2,9,2
1539,3,23,3
1539,4,40,3
1539,5,43,2
1540,1,22,1
1540,2,32,3
1540,3,71,3
1540,4,97,3
1541,1,23,3
1541,2,61,2
1541,3,89,3
1541,4,95,3
1541,5,98,3
1542,1,6,2
1542,2,66,3
1542,3,89,2
1542,4,91,1
1542,5,96,2
1543,1,36,1
1543,2,76,1
1544,1,0,3
1544,2,13,2
1544,3,59,1
1544,4,61,2
1544,5,85,1
1545,1,85,3
1545,2,89,1
1546,1,5,2
1546,2,45,3
1546,3,61,2
1546,4,75,1
1546,5,81,3
1546,6,90,3
1547,1,0,3
1547,2,17,3
1547,3,53,1
1547,4,57,3
1547,5,69,3
1547,6,86,2
1547,7,99,2
1548,1,10,3
1548,2,65,2
1548,3,90,1
1548,4,98,2
1549,1,0,1
1549,2,39,1
1549,3,44,3
1549,4,72,2
1549,5,83,3
1550,1,37,3
1550,2,47,1
1550,3,83,3
1550,4,94,3
1551,1,16,2
1551,2,33,3
1551,3,69,3
1551,4,87,1
1552,1,17,1
1552,2,39,2
1553,1,35,2
1553,2,68,1
1553,3,69,1
1554,1,17,2
1554,2,25,3
1554,3,39,1
1554,4,64,1
1554,5,69,2
1554,6,70,1
1555,1,24,1
1555,2,33,2
1555,3,63,3
1555,4,96,3
1556,1,48,1
1556,2,70,3
1556,3,84,3
1556,4,85,1
1556,5,96,3
1557,1,6,3
1557,2,53,3
1558,1,84,2
1558,2,96,3
1558,3,98,2
1559,1,72,1
1559,2,82,2
1559,3,86,2
1559,4,92,1
1560,1,13,2
1560,2,25,1
1560,3,51,2
1560,4,80,1
1560,5,84,3
1561,1,9,1
1561,2,40,3
1561,3,44,3
1562,1,3,3
1562,2,29,3
1563,1,6,2
1563,2,22,3
1564,1,14,1
1564,2,24,3
1564,3,76,1
1564,4,89,2
1565,1,6,3
1566,1,10,2
1566,2,68,2
1566,3,70,3
1566,4,84,2
1567,1,18,2
1567,2,26,3
1567,3,48,1
1567,4,70,1
1567,5,90,2
1568,1,34,3
1568,2,51,1
1569,1,7,1
1569,2,14,3
1569,3,33,1
1569,4,41,1
1569,5,58,2
1570,1,15,2
1570,2,24,3
1570,3,37,3
1570,4,49,1
1570,5,78,3
1570,6,95,3
1571,1,33,2
1572,1,15,3
1572,2,23,3
1572,3,27,1
1572,4,31,1
1572,5,36,1
1572,6,60,1
1572,7,82,2
1573,1,1,1
1573,2,35,3
1574,1,22,1
1574,2,35,1
1574,3,40,1
1574,4,82,1
1575,1,25,2
1575,2,32,2
1575,3,82,2
1576,1,25,3
1576,2,32,3
1576,3,45,1
1576,4,59,2
1576,5,72,1
1576,6,76,2
1577,1,10,2
1578,1,33,2
1578,2,58,3
1579,1,4,1
1579,2,70,2
1579,3,76,3
1579,4,95,2
1579,5,96,1
1580,1,12,1
1580,2,28,1
1580,3,67,3
1580,4,84,3
1580,5,96,2
1581,1,13,2
1581,2,27,3
1581,3,38,2
1581,4,77,3
1581,5,95,1
1582,1,1,3
1582,2,25,2
1582,3,59,3
1582,4,61,2
1582,5,76,2
1582,6,88,2
1582,7,92,2
1582,8,98,3
1583,1,56,1
1583,2,62,1
1584,1,9,1
1584,2,76,1
1584,3,99,1
1585,1,36,1
1585,2,92,2
1586,1,94,3
1587,1,35,2
1587,2,42,3
1587,3,48,1
1588,1,43,2
1588,2,64,1
1588,3,79,3
1588,4,81,3
1589,1,42,3
1589,2,49,1
1589,3,59,1
1589,4,79,3
1589,5,86,1
1590,1,12,1
1590,2,32,1
1590,3,40,3
1590,4,95,3
1591,1,61,3
1592,1,22,2
1592,2,47,2
1592,3,70,2
1592,4,96,1
1592,5,97,3
1593,1,6,1
1593,2,13,1
1593,3,32,3
1593,4,44,1
1593,5,92,1
1593,6,93,1
1594,1,12,2
1594,2,28,1
1594,3,69,3
1594,4,70,1
1594,5,81,3
1595,1,28,1
1595,2,29,1
1595,3,39,1
1595,4,62,1
1595,5,80,2
1596,1,45,2
1596,2,63,2
1596,3,68,2
1596,4,81,1
1596,5,88,1
1596,6,92,2
1597,1,5,2
1597,2,42,1
1598,1,22,1
1598,2,32,2
1599,1,4,3
1599,2,25,3
1599,3,32,2
1599,4,38,3
1599,5,70,1
1600,1,71,1
1600,2,91,2
1601,1,3,1
1601,2,25,3
1601,3,62,2
1602,1,1,1
1602,2,22,1
1602,3,71,3
1602,4,82,3
1603,1,18,2
1603,2,54,2
1603,3,58,1
1603,4,66,2
1604,1,76,1
1604,2,90,2
1604,3,94,2
1605,1,14,1
1605,2,62,3
1605,3,76,2
1606,1,30,1
1606,2,61,3
1606,3,92,1
1606,4,94,1
1607,1,48,3
1607,2,60,3
1607,3,68,3
1608,1,32,3
1608,2,60,2
1608,3,76,2
1609,1,25,1
1609,2,34,2
1609,3,38,3
1609,4,69,1
1609,5,71,2
1610,1,18,1
1610,2,47,1
1610,3,60,1
1610,4,91,1
1611,1,10,3
1611,2,31,1
1611,3,75,3
1611,4,77,3
1611,5,90,3
1612,1,3,1
1612,2,4,3
1612,3,69,2
1613,1,12,2
1613,2,36,1
1613,3,40,3
1614,1,22,1
1614,2,29,1
1614,3,68,2
1615,1,20,3
1615,2,42,3
1615,3,48,2
1615,4,69,1
1616,1,32,2
1616,2,38,2
1616,3,47,2
1617,1,34,1
1617,2,49,3
1617,3,62,1
1617,4,75,1
1617,5,96,3
1618,1,18,1
1618,2,23,1
1618,3,46,3
1618,4,85,3
1618,5,92,3
1619,1,56,3
1619,2,61,3
1619,3,72,1
1619,4,88,1
1620,1,20,3
1620,2,57,2
1620,3,70,3
1620,4,88,2
1621,1,14,1
1621,2,43,1
1621,3,57,2
1621,4,60,2
1621,5,79,2
1622,1,10,3
1622,2,47,1
1622,3,56,2
1622,4,77,3
1622,5,94,1
1623,1,11,3
1623,2,12,2
1623,3,61,2
1623,4,87,1
1624,1,7,2
1624,2,49,1
1625,1,10,1
1625,2,16,3
1625,3,41,2
1625,4,57,3
1625,5,61,3
1625,6,72,3
1625,7,76,1
1626,1,4,3
1626,2,28,1
1626,3,40,2
1627,1,11,3
1627,2,35,1
1627,3,70,3
1627,4,80,2
1628,1,15,1
1628,2,20,1
1628,3,37,2
1628,4,60,3
1628,5,62,3
1629,1,18,3
1629,2,64,1
1629,3,93,2
1629,4,99,3
1630,1,60,1
1630,2,91,2
1631,1,1,1
1631,2,14,2
1631,3,17,2
1631,4,33,1
1631,5,75,3
1632,1,11,2
1632,2,18,3
1632,3,20,1
1632,4,27,2
1633,1,0,3
1633,2,16,2
1633,3,36,2
1633,4,47,2
1633,5,63,1
1634,1,26,1
1634,2,42,2
1634,3,58,2
1634,4,88,3
1634,5,98,2
1635,1,68,2
1635,2,70,2
1636,1,15,1
1636,2,59,2
1636,3,61,2
1636,4,85,2
1637,1,23,1
1637,2,80,3
1637,3,87,3
1637,4,89,2
1638,1,28,1
1638,2,46,2
1638,3,75,2
1638,4,81,1
1639,1,48,1
1639,2,67,3
1640,1,34,2
1640,2,36,1
1640,3,89,2
1640,4,99,2
1641,1,15,2
1641,2,41,3
1641,3,44,3
1641,4,88,1
1641,5,94,3
1642,1,66,2
1642,2,78,2
1642,3,91,1
1643,1,31,2
1643,2,48,2
1643,3,52,1
1643,4,56,2
1643,5,63,3
1643,6,77,1
1644,1,10,2
1644,2,13,3
1644,3,64,1
1644,4,66,3
1644,5,69,1
1644,6,80,2
1645,1,21,3
1645,2,22,3
1645,3,31,2
1645,4,32,3
1645,5,52,2
1645,6,84,3
1646,1,82,3
1646,2,83,3
1646,3,91,2
1646,4,94,1
1647,1,9,3
1647,2,12,1
1647,3,27,3
1647,4,51,3
1647,5,67,3
1647,6,99,2
1648,1,11,2
1648,2,22,3
1648,3,29,3
1648,4,51,2
1648,5,71,1
1649,1,44,2
1649,2,50,3
1649,3,51,1
1649,4,61,3
1649,5,69,2
1649,6,79,1
1649,7,89,3
1650,1,0,3
1650,2,25,1
1650,3,30,3
1650,4,41,2
1650,5,49,3
1650,6,77,3
1650,7,98,3
1651,1,6,1
1651,2,67,1
1652,1,3,2
1652,2,15,3
1652,3,39,2
1652,4,84,1
1652,5,95,3
1653,1,10,2
1653,2,14,1
1653,3,26,3
1653,4,35,1
1653,5,54,2
1653,6,75,1
1653,7,80,2
1654,1,10,3
1654,2,54,1
1654,3,56,2
1654,4,69,1
1654,5,96,2
1655,1,0,2
1655,2,18,2
1655,3,22,3
1655,4,45,1
1655,5,55,1
1655,6,70,1
1655,7,73,1
1656,1,4,1
1656,2,27,1
1656,3,31,2
1656,4,55,1
1656,5,88,1
1656,6,92,2
1656,7,93,1
1657,1,18,1
1657,2,41,2
1657,3,48,1
1657,4,55,3
1657,5,59,2
1657,6,75,1
1658,1,14,1
1658,2,37,1
1658,3,61,3
1658,4,88,2
1658,5,99,3
1659,1,8,2
1659,2,48,2
1659,3,86,1
1659,4,93,2
1660,1,6,3
1660,2,22,3
1660,3,61,1
1660,4,73,1
1660,5,82,2
1660,6,99,3
1661,1,47,2
1661,2,68,2
1661,3,92,2
1661,4,94,1
1662,1,2,3
1662,2,41,2
1662,3,68,3
1663,1,11,3
1663,2,21,2
1663,3,43,1
1663,4,53,3
1663,5,77,1
1664,1,12,2
1664,2,14,1
1664,3,48,2
1664,4,84,3
1664,5,85,1
1665,1,10,2
1665,2,64,2
1665,3,81,3
1665,4,82,3
1665,5,95,1
1666,1,7,1
1666,2,67,1
1666,3,77,2
1667,1,20,1
1667,2,31,3
1667,3,38,1
1667,4,96,3
1668,1,9,3
1668,2,37,1
1668,3,42,1
1668,4,50,2
1668,5,72,1
1669,1,69,1
1670,1,20,2
1670,2,26,1
1670,3,44,3
1670,4,71,2
1670,5,77,1
1670,6,99,3
1671,1,6,1
1671,2,18,3
1671,3,34,2
1671,4,46,1
1671,5,94,2
1672,1,23,3
1672,2,36,2
1672,3,63,3
1672,4,69,2
1672,5,94,2
1673,1,1,3
1673,2,96,2
1674,1,52,3
1674,2,69,3
1674,3,75,2
1675,1,4,1
1675,2,55,2
1675,3,77,2
1675,4,91,3
1676,1,6,1
1676,2,7,1
1676,3,19,2
1676,4,51,1
1676,5,56,2
1676,6,86,1
1677,1,1,3
1677,2,8,2
1677,3,21,1
1677,4,99,1
1678,1,11,2
1678,2,28,1
1678,3,34,2
1678,4,45,2
1678,5,60,2
1678,6,68,1
1678,7,77,1
1679,1,8,1
1679,2,30,2
1679,3,46,3
1679,4,65,2
1679,5,67,3
1680,1,9,2
1680,2,18,1
1680,3,22,2
1680,4,36,3
1680,5,53,1
1680,6,94,2
1681,1,5,3
1681,2,11,1
1681,3,77,2
1681,4,83,1
1681,5,93,1
1681,6,96,2
1682,1,13,1
1682,2,40,3
1682,3,59,2
1682,4,61,1
1682,5,85,1
1683,1,14,1
1683,2,27,2
1683,3,69,2
1683,4,89,1
1684,1,2,3
1684,2,25,2
1684,3,31,3
1684,4,33,3
1684,5,42,1
1685,1,25,1
1685,2,55,2
1686,1,6,1
1686,2,22,2
1686,3,47,3
1686,4,51,3
1687,1,1,2
1687,2,8,3
1687,3,32,3
1687,4,67,1
1687,5,70,3
1687,6,77,3
1688,1,1,2
1688,2,31,3
1688,3,34,2
1689,1,5,2
1689,2,25,3
1689,3,34,2
1689,4,36,2
1689,5,47,1
1689,6,68,2
1689,7,70,3
1690,1,15,2
1690,2,25,1
1690,3,79,1
1691,1,2,1
1691,2,17,2
1691,3,25,1
1691,4,43,1
1692,1,35,3
1692,2,41,3
1692,3,57,1
1692,4,74,2
1693,1,7,2
1693,2,15,1
1693,3,26,3
1693,4,59,1
1694,1,26,3
1694,2,31,1
1694,3,53,3
1694,4,69,3
1694,5,89,1
1695,1,18,1
1695,2,22,1
1696,1,69,3
1697,1,7,2
1697,2,18,3
1697,3,35,3
1697,4,48,3
1697,5,69,1
1697,6,99,3
1698,1,25,1
1698,2,39,3
1698,3,98,3
1699,1,33,3
1699,2,36,1
1699,3,48,1
1699,4,84,3
1700,1,89,1
1700,2,94,2
1701,1,19,3
1701,2,27,2
1701,3,53,3
1701,4,72,3
1701,5,79,2
1701,6,80,3
1701,7,98,3
1702,1,39,3
1702,2,76,2
1703,1,21,2
1703,2,96,2
1704,1,10,1
1704,2,44,3
1704,3,61,1
1705,1,8,2
1705,2,72,2
1705,3,77,1
1705,4,88,3
1706,1,21,1
1706,2,31,1
1706,3,34,3
1706,4,99,2
1707,1,87,3
1708,1,62,3
1708,2,65,2
1708,3,87,2
1708,4,95,2
1709,1,10,2
1709,2,43,1
1709,3,72,1
1709,4,99,2
1710,1,8,3
1710,2,18,2
1710,3,38,3
1710,4,76,3
1711,1,18,1
1711,2,23,3
1711,3,89,3
1711,4,94,3
1711,5,99,3
1712,1,0,2
1712,2,31,1
1712,3,76,3
1712,4,85,2
1713,1,30,1
1713,2,48,3
1714,1,2,3
1714,2,39,3
1714,3,41,1
1714,4,61,1
1715,1,13,3
1715,2,80,3
1716,1,58,1
1716,2,61,1
1716,3,79,2
1717,1,3,1
1717,2,20,3
1717,3,36,3
1717,4,53,1
1717,5,64,1
1717,6,87,2
1718,1,22,3
1718,2,75,2
1718,3,80,2
1719,1,10,2
1719,2,12,3
1719,3,36,2
1720,1,13,3
1720,2,25,2
1720,3,83,3
1720,4,84,1
1720,5,88,3
1721,1,1,3
1721,2,14,2
1721,3,20,2
1721,4,24,2
1721,5,34,1
1721,6,43,3
1721,7,46,1
1721,8,53,2
1722,1,16,1
1722,2,19,3
1722,3,31,2
1722,4,57,3
1723,1,5,1
1723,2,30,1
1723,3,35,1
1724,1,36,1
1724,2,53,3
1724,3,69,2
1724,4,76,1
1724,5,95,3
1725,1,47,2
1725,2,77,3
1725,3,93,3
1725,4,96,1
1726,1,15,3
1726,2,31,3
1726,3,76,1
1727,1,8,3
1727,2,31,3
1727,3,65,2
1727,4,67,2
1728,1,48,1
1728,2,69,1
1728,3,85,3
1729,1,6,3
1729,2,18,2
1729,3,35,3
1729,4,71,3
1729,5,73,3
1729,6,86,1
1730,1,70,2
1730,2,79,1
1730,3,89,3
1731,1,11,3
1731,2,12,3
1731,3,33,3
1731,4,62,2
1732,1,36,2
1733,1,30,2
1733,2,32,2
1733,3,62,3
1733,4,90,3
1733,5,95,1
1733,6,96,3
1734,1,4,1
1734,2,37,3
1734,3,89,3
1734,4,98,3
1735,1,10,3
1735,2,28,1
1735,3,69,2
1736,1,52,2
1736,2,99,3
1737,1,6,3
1737,2,59,1
1737,3,66,2
1738,1,2,1
1738,2,19,1
1738,3,31,1
1738,4,75,1
1738,5,80,1
1739,1,0,1
1739,2,8,1
1739,3,11,1
1739,4,81,1
1739,5,83,1
1740,1,6,3
1740,2,64,2
1740,3,70,3
1741,1,11,2
1741,2,29,3
1741,3,41,1
1741,4,66,1
1741,5,92,2
1742,1,22,2
1742,2,27,3
1742,3,31,3
1742,4,39,2
1742,5,63,3
1742,6,94,3
1743,1,8,2
1743,2,9,1
1743,3,25,1
1743,4,44,2
1743,5,79,1
1743,6,80,1
1743,7,92,2
1744,1,8,1
1744,2,25,3
1744,3,84,2
1744,4,91,1
1745,1,4,2
1745,2,8,3
1745,3,22,1
1745,4,29,1
1745,5,31,1
1745,6,36,1
1745,7,89,2
1745,8,92,3
1746,1,17,2
1746,2,49,2
1746,3,57,3
1746,4,61,3
1746,5,88,1
1747,1,43,2
1747,2,62,1
1747,3,96,3
1748,1,54,2
1748,2,59,2
1748,3,93,1
1748,4,99,1
1749,1,2,3
1749,2,25,3
1749,3,52,1
1749,4,60,3
1749,5,76,1
1750,1,60,2
1750,2,61,1
1750,3,80,3
1750,4,83,1
1750,5,89,3
1751,1,37,2
1751,2,38,3
1751,3,89,2
1751,4,91,2
1752,1,7,1
1752,2,14,1
1752,3,15,3
1752,4,79,3
1752,5,84,3
1753,1,6,3
1753,2,70,1
1753,3,71,1
1753,4,78,3
1754,1,64,3
1754,2,66,2
1754,3,70,3
1754,4,91,1
1754,5,94,3
1755,1,21,2
1755,2,55,2
1755,3,56,1
1755,4,99,3
1756,1,8,3
1756,2,23,2
1756,3,74,3
1756,4,99,2
1757,1,13,2
1757,2,15,3
1757,3,58,2
1757,4,84,3
1757,5,85,3
1758,1,42,1
1758,2,45,1
1758,3,84,2
1759,1,5,1
1759,2,32,3
1759,3,38,3
1759,4,45,3
1759,5,54,2
1759,6,59,1
1760,1,4,2
1760,2,10,2
1760,3,19,1
1760,4,53,1
1760,5,69,3
1760,6,72,1
1761,1,47,3
1761,2,48,3
1761,3,63,3
1761,4,68,2
1761,5,84,2
1762,1,8,3
1762,2,13,1
1762,3,16,2
1763,1,2,3
1763,2,36,2
1763,3,57,3
1763,4,99,2
1764,1,55,2
1764,2,82,3
1764,3,90,2
1765,1,9,2
1765,2,64,2
1766,1,36,1
1766,2,37,2
1766,3,56,1
1766,4,89,2
1767,1,7,2
1767,2,75,1
1768,1,18,1
1768,2,21,3
1768,3,28,1
1768,4,35,2
1768,5,91,1
1769,1,19,3
1769,2,54,2
1769,3,78,3
1769,4,93,2
1770,1,11,3
1770,2,30,3
1770,3,36,1
1770,4,50,2
1770,5,73,2
1770,6,92,2
1770,7,97,3
1770,8,99,2
1771,1,34,1
1771,2,36,3
1771,3,81,1
1771,4,83,1
1772,1,16,2
1772,2,91,1
1773,1,12,1
1773,2,39,3
1773,3,58,2
1773,4,69,2
1773,5,82,2
1773,6,98,3
1774,1,40,2
1774,2,75,1
1774,3,99,1
1775,1,5,2
1775,2,37,2
1775,3,49,3
1775,4,68,3
1776,1,17,2
1776,2,21,3
1776,3,31,1
1776,4,59,1
1776,5,77,2
1776,6,86,1
1777,1,11,3
1777,2,34,1
1777,3,56,1
1777,4,66,3
1777,5,91,3
1777,6,97,3
1778,1,9,1
1778,2,27,3
1778,3,75,1
1778,4,76,2
1778,5,81,1
1778,6,89,3
1778,7,92,3
1779,1,26,2
1779,2,95,2
1780,1,17,2
1780,2,35,1
1780,3,76,2
1781,1,4,1
1781,2,29,3
1781,3,64,1
1781,4,94,1
1782,1,25,2
1782,2,91,3
1782,3,99,3
1783,1,36,3
1783,2,49,3
1783,3,76,1
1783,4,83,2
1784,1,10,1
1784,2,31,3
1784,3,44,2
1784,4,46,1
1784,5,69,1
1784,6,87,3
1784,7,95,1
1785,1,8,3
1785,2,23,3
1785,3,51,1
1785,4,68,2
1786,1,12,1
1786,2,17,2
1786,3,25,3
1786,4,35,3
1786,5,49,2
1786,6,58,3
1787,1,5,1
1787,2,34,1
1787,3,37,2
1787,4,38,2
1787,5,75,1
1788,1,3,3
1788,2,50,2
1788,3,64,1
1788,4,66,2
1788,5,81,1
1789,1,61,3
1789,2,70,3
1789,3,79,2
1790,1,15,3
1790,2,51,2
1790,3,58,2
1791,1,19,3
1791,2,64,2
1791,3,94,2
1791,4,95,2
1792,1,59,3
1792,2,79,3
1792,3,97,2
1793,1,6,2
1793,2,7,1
1793,3,81,3
1793,4,91,2
1793,5,92,1
1794,1,17,2
1794,2,32,1
1794,3,52,1
1794,4,69,1
1795,1,36,2
1795,2,61,3
1795,3,75,3
1795,4,78,2
1795,5,80,2
1796,1,16,2
1796,2,31,3
1796,3,75,3
1796,4,78,2
1796,5,87,1
1796,6,94,2
1797,1,24,2
1797,2,31,3
1797,3,77,2
1797,4,85,1
1797,5,93,1
1797,6,95,2
1798,1,68,1
1799,1,45,3
1800,1,7,3
1800,2,70,2
1800,3,74,1
1800,4,82,3
1801,1,14,3
1801,2,39,1
1801,3,75,2
1801,4,81,2
1802,1,8,3
1802,2,38,3
1802,3,52,3
1802,4,77,3
1802,5,93,1
1802,6,95,3
1803,1,6,2
1803,2,35,2
1803,3,73,3
1803,4,85,2
1803,5,89,3
1804,1,49,3
1804,2,66,2
1804,3,98,3
1805,1,11,1
1805,2,46,3
1805,3,80,3
1806,1,15,2
1806,2,69,2
1806,3,97,1
1807,1,20,3
1807,2,57,2
1807,3,64,2
1808,1,2,1
1808,2,62,3
1808,3,95,2
1809,1,2,3
1809,2,42,1
1809,3,49,1
1809,4,59,3
1810,1,93,3
1811,1,1,2
1811,2,8,2
1811,3,33,2
1812,1,27,3
1812,2,31,3
1812,3,52,1
1812,4,62,3
1812,5,99,1
1813,1,5,1
1813,2,14,1
1813,3,15,3
1813,4,41,2
1813,5,72,1
1814,1,45,2
1814,2,55,3
1814,3,73,3
1814,4,74,2
1814,5,95,1
1815,1,9,1
1815,2,22,1
1815,3,66,1
1816,1,9,2
1816,2,24,3
1816,3,55,1
1816,4,74,1
1817,1,6,1
1817,2,17,3
1817,3,22,1
1817,4,75,3
1818,1,3,2
1818,2,16,1
1818,3,31,2
1819,1,53,2
1820,1,34,3
1820,2,49,3
1820,3,55,1
1820,4,74,1
1821,1,3,1
1821,2,9,1
1821,3,19,3
1821,4,44,2
1821,5,49,2
1821,6,84,2
1822,1,25,1
1822,2,28,3
1822,3,97,2
1823,1,54,1
1823,2,56,3
1823,3,93,1
1824,1,46,1
1824,2,54,1
1824,3,55,1
1825,1,9,2
1825,2,43,3
1825,3,60,1
1825,4,62,2
1825,5,77,3
1826,1,86,3
1826,2,87,2
1826,3,95,3
1827,1,22,2
1827,2,36,3
1827,3,45,3
1827,4,80,1
1827,5,83,1
1827,6,94,2
1828,1,23,2
1828,2,31,3
1828,3,52,3
1828,4,56,2
1828,5,90,3
1829,1,1,2
1829,2,17,1
1829,3,58,1
1829,4,59,1
1829,5,71,1
1830,1,32,2
1830,2,51,3
1830,3,67,2
1830,4,86,1
1830,5,99,3
1831,1,15,2
1831,2,19,2
1831,3,63,3
1831,4,89,1
1832,1,12,3
1832,2,16,2
1832,3,19,3
1832,4,30,2
1832,5,75,1
1833,1,5,2
1833,2,47,3
1833,3,55,3
1833,4,78,1
1833,5,94,2
1834,1,59,2
1834,2,80,3
1834,3,83,1
1834,4,94,3
1835,1,72,1
1835,2,93,3
1836,1,12,1
1836,2,80,1
1837,1,69,3
1838,1,9,3
1838,2,50,2
1838,3,57,3
1838,4,86,2
1839,1,8,3
1839,2,79,1
1839,3,98,2
1840,1,40,1
1840,2,84,1
1840,3,93,2
1841,1,9,1
1841,2,10,3
1841,3,14,3
1842,1,14,1
1842,2,17,3
1842,3,58,2
1842,4,70,1
1843,1,27,1
1843,2,37,1
1843,3,60,2
1844,1,30,2
1844,2,32,3
1844,3,75,3
1845,1,25,1
1845,2,60,3
1845,3,83,3
1845,4,91,3
1846,1,62,3
1846,2,68,1
1846,3,90,3
1847,1,32,2
1847,2,44,1
1848,1,4,3
1848,2,16,3
1848,3,27,1
1848,4,41,3
1848,5,77,1
1848,6,95,1
1849,1,10,2
1849,2,63,2
1849,3,82,1
1850,1,57,3
1850,2,67,3
1850,3,74,1
1850,4,81,1
1850,5,84,2
1851,1,10,2
1851,2,38,3
1851,3,46,2
1851,4,54,3
1851,5,81,1
1851,6,99,2
1852,1,55,1
1852,2,69,3
1853,1,14,2
1853,2,15,2
1853,3,35,2
1853,4,44,1
1853,5,79,1
1853,6,94,3
1854,1,15,3
1854,2,33,2
1854,3,41,2
1854,4,85,1
1854,5,97,2
1855,1,17,3
1855,2,53,3
1855,3,60,1
1855,4,73,1
1856,1,6,2
1856,2,50,3
1857,1,26,3
1857,2,53,1
1857,3,80,1
1858,1,16,2
1858,2,46,3
1858,3,59,3
1858,4,61,1
1859,1,22,2
1859,2,35,3
1859,3,82,1
1860,1,87,2
1861,1,77,3
1861,2,96,2
1862,1,24,2
1862,2,41,2
1862,3,53,2
1862,4,72,2
1862,5,78,3
1862,6,91,1
1863,1,18,3
1863,2,22,1
1863,3,47,2
1863,4,57,3
1863,5,75,1
1863,6,77,2
1863,7,92,3
1864,1,99,1
1865,1,10,2
1865,2,12,1
1865,3,63,2
1865,4,89,1
1865,5,94,3
1866,1,48,3
1866,2,51,3
1866,3,75,3
1866,4,90,2
1867,1,24,1
1867,2,32,1
1867,3,46,2
1867,4,91,3
1868,1,0,2
1868,2,39,2
1868,3,41,2
1868,4,97,1
1868,5,98,3
1869,1,19,2
1869,2,54,2
1869,3,78,2
1870,1,16,3
1870,2,51,2
1870,3,99,3
1871,1,22,1
1871,2,55,3
1871,3,76,3
1872,1,8,2
1872,2,38,1
1872,3,62,1
1872,4,76,1
1872,5,86,2
1872,6,93,3
1872,7,99,1
1873,1,2,1
1873,2,42,2
1873,3,55,3
1873,4,67,1
1873,5,69,2
1874,1,5,3
1874,2,18,1
1874,3,27,3
1874,4,34,1
1874,5,56,3
1874,6,80,3
1874,7,92,1
1875,1,10,3
1875,2,22,3
1875,3,73,1
1875,4,86,1
1876,1,19,3
1876,2,34,2
1876,3,70,1
1876,4,72,3
1876,5,75,3
1877,1,45,3
1877,2,91,3
1878,1,5,3
1878,2,78,2
1878,3,80,1
1878,4,92,3
1879,1,15,1
1879,2,22,2
1879,3,68,2
1879,4,69,2
1880,1,23,1
1880,2,25,2
1880,3,51,3
1880,4,82,1
1881,1,20,1
1881,2,24,1
1881,3,54,1
1881,4,69,3
1882,1,53,1
1882,2,56,1
1882,3,57,2
1882,4,60,1
1882,5,89,3
1883,1,19,1
1883,2,60,2
1883,3,66,1
1884,1,23,1
1885,1,29,2
1885,2,39,2
1885,3,40,1
1885,4,64,3
1886,1,11,2
1886,2,27,3
1886,3,45,2
1887,1,1,2
1887,2,7,1
1887,3,49,1
1888,1,28,1
1888,2,37,1
1888,3,40,2
1888,4,44,1
1889,1,23,2
1889,2,45,1
1889,3,52,1
1889,4,91,2
1889,5,94,1
1890,1,4,2
1890,2,19,2
1890,3,30,3
1890,4,56,3
1890,5,96,2
1891,1,0,2
1891,2,32,2
1891,3,51,3
1891,4,90,2
1891,5,96,1
1892,1,11,1
1892,2,22,2
1892,3,29,2
1892,4,75,2
1892,5,82,1
1892,6,90,2
1893,1,17,2
1893,2,31,3
1893,3,54,2
1893,4,60,2
1893,5,83,2
1893,6,89,3
1894,1,32,3
1894,2,40,1
1894,3,82,1
1895,1,43,3
1895,2,64,2
1895,3,95,1
1896,1,17,3
1896,2,83,1
1896,3,96,3
1897,1,31,1
1897,2,34,2
1897,3,77,2
1897,4,85,2
1898,1,63,2
1898,2,88,1
1899,1,10,1
1899,2,16,2
1899,3,28,3
1899,4,42,2
1899,5,77,1
1900,1,0,1
1900,2,24,2
1900,3,25,2
1900,4,86,1
1901,1,0,2
1901,2,12,3
1901,3,13,1
1901,4,14,1
1901,5,25,1
1901,6,32,1
1902,1,3,3
1902,2,6,2
1902,3,35,3
1902,4,62,1
1903,1,22,1
1903,2,70,2
1903,3,86,3
1903,4,99,1
1904,1,0,3
1904,2,1,1
1904,3,64,1
1905,1,57,3
1905,2,82,2
1905,3,95,2
1906,1,17,1
1906,2,23,1
1906,3,26,2
1907,1,3,2
1907,2,24,2
1907,3,35,1
1907,4,68,2
1907,5,71,3
1908,1,16,2
1908,2,21,2
1908,3,33,2
1908,4,62,1
1909,1,9,2
1909,2,79,3
1909,3,95,2
1910,1,10,1
1910,2,25,2
1910,3,74,1
1910,4,78,3
1910,5,81,3
1910,6,95,3
1911,1,14,2
1911,2,18,2
1911,3,25,3
1911,4,36,1
1912,1,5,2
1912,2,42,1
1912,3,65,3
1912,4,70,2
1912,5,86,1
1912,6,91,1
1913,1,22,3
1914,1,7,3
1914,2,12,1
1914,3,78,3
1915,1,31,2
1915,2,32,1
1915,3,67,3
1915,4,75,3
1915,5,80,1
1915,6,95,2
1916,1,25,3
1916,2,31,1
1916,3,41,3
1916,4,42,2
1916,5,51,2
1916,6,89,1
1917,1,18,1
1917,2,27,3
1917,3,37,3
1917,4,73,2
1917,5,88,3
1918,1,24,3
1918,2,44,3
1918,3,61,3
1919,1,6,1
1919,2,17,1
1919,3,89,2
1920,1,38,1
1920,2,44,1
1920,3,45,1
1920,4,51,2
1920,5,94,2
1921,1,31,1
1921,2,57,3
1921,3,75,3
1921,4,80,1
1922,1,54,1
1922,2,65,1
1922,3,69,1
1922,4,75,2
1923,1,9,3
1923,2,16,1
1923,3,40,1
1923,4,71,1
1923,5,86,2
1924,1,83,3
1924,2,87,1
1924,3,91,3
1925,1,4,2
1925,2,6,3
1925,3,29,1
1925,4,49,3
1925,5,67,1
1926,1,0,1
1926,2,3,2
1926,3,10,3
1926,4,12,3
1926,5,20,2
1927,1,7,2
1927,2,12,1
1927,3,14,1
1927,4,79,3
1928,1,38,3
1928,2,46,2
1928,3,53,1
1928,4,54,3
1929,1,57,1
1930,1,0,3
1930,2,36,3
1930,3,67,2
1930,4,75,3
1930,5,77,1
1931,1,70,3
1931,2,73,3
1931,3,74,2
1931,4,79,3
1931,5,97,1
1932,1,23,2
1932,2,43,3
1932,3,67,3
1932,4,98,3
1933,1,24,1
1933,2,64,3
1933,3,69,2
1933,4,72,2
1933,5,75,2
1933,6,78,1
1934,1,5,3
1934,2,61,1
1934,3,66,2
1935,1,38,1
1935,2,42,3
1935,3,61,1
1935,4,65,1
1935,5,76,2
1936,1,0,3
1936,2,7,2
1936,3,18,3
1936,4,45,3
1936,5,51,3
1936,6,83,3
1937,1,5,1
1937,2,10,2
1937,3,36,2
1937,4,89,2
1938,1,15,1
1938,2,22,3
1938,3,39,3
1938,4,57,3
1938,5,75,2
1939,1,44,2
1940,1,0,3
1940,2,17,3
1940,3,28,3
1940,4,44,1
1940,5,47,1
1940,6,48,3
1940,7,55,1
1940,8,57,1
1941,1,46,1
1942,1,44,3
1942,2,96,2
1943,1,26,3
1943,2,87,2
1944,1,8,3
1944,2,62,2
1944,3,77,3
1944,4,87,1
1944,5,89,2
1945,1,18,2
1945,2,36,3
1945,3,40,3
1946,1,45,2
1946,2,50,2
1946,3,76,2
1947,1,15,2
1947,2,46,1
1947,3,68,1
1947,4,71,3
1948,1,25,1
1948,2,31,3
1948,3,59,1
1948,4,84,2
1949,1,35,3
1949,2,44,1
1949,3,55,3
1949,4,99,2
1950,1,47,3
1950,2,54,3
1950,3,71,1
1950,4,95,2
1951,1,1,1
1951,2,27,3
1951,3,60,3
1951,4,91,3
1951,5,94,2
1952,1,20,3
1952,2,29,2
1952,3,33,1
1952,4,34,3
1952,5,55,1
1952,6,80,3
1953,1,0,2
1953,2,6,3
1953,3,61,2
1953,4,68,3
1953,5,99,2
1954,1,0,2
1954,2,3,1
1954,3,39,3
1954,4,68,3
1954,5,69,2
1955,1,5,3
1955,2,43,1
1955,3,47,1
1955,4,75,3
1956,1,21,1
1956,2,29,2
1956,3,59,1
1956,4,86,1
1956,5,91,3
1956,6,93,2
1957,1,0,2
1957,2,6,1
1957,3,68,3
1957,4,70,3
1957,5,99,3
1958,1,1,3
1958,2,23,2
1958,3,69,3
1958,4,88,1
1959,1,25,3
1959,2,35,1
1959,3,41,3
1959,4,49,3
1959,5,61,1
1960,1,3,1
1960,2,42,3
1960,3,95,2
1961,1,12,2
1961,2,28,1
1961,3,86,2
1961,4,97,3
1962,1,6,2
1962,2,35,3
1963,1,28,2
1963,2,42,1
1963,3,51,1
1963,4,56,1
1963,5,78,2
1964,1,16,3
1964,2,28,2
1964,3,46,1
1964,4,61,2
1965,1,13,1
1965,2,74,2
1965,3,77,2
1965,4,93,2
1965,5,95,2
1966,1,0,1
1966,2,4,2
1966,3,30,1
1966,4,34,3
1966,5,52,1
1966,6,69,2
1966,7,72,2
1967,1,55,2
1967,2,56,3
1967,3,78,3
1967,4,80,1
1967,5,84,1
1968,1,8,3
1968,2,26,3
1969,1,43,3
1969,2,52,2
1969,3,57,2
1970,1,9,1
1970,2,22,3
1970,3,78,1
1970,4,92,1
1970,5,95,1
1971,1,0,3
1971,2,54,3
1971,3,77,2
1971,4,79,2
1972,1,11,3
1972,2,22,3
1972,3,23,2
1972,4,28,2
1972,5,73,1
1972,6,82,3
1972,7,89,2
1973,1,27,1
1973,2,47,3
1973,3,68,1
1974,1,15,2
1974,2,60,1
1974,3,94,1
1975,1,33,2
1975,2,35,3
1975,3,44,2
1975,4,51,3
1975,5,83,3
1975,6,93,2
1976,1,55,2
1977,1,56,1
1977,2,77,1
1977,3,80,2
1978,1,2,1
1978,2,75,3
1979,1,10,2
1979,2,23,3
1979,3,37,1
1979,4,94,3
1979,5,97,2
1980,1,20,3
1980,2,38,3
1980,3,39,3
1980,4,85,2
1981,1,21,2
1981,2,23,2
1981,3,84,2
1982,1,6,2
1982,2,35,1
1982,3,36,2
1983,1,11,2
1983,2,37,1
1983,3,75,2
1983,4,94,1
1984,1,12,1
1984,2,44,3
1984,3,61,1
1984,4,70,2
1984,5,79,3
1985,1,1,2
1985,2,31,2
1985,3,40,2
1985,4,43,2
1985,5,75,1
1985,6,79,1
1985,7,88,1
1986,1,26,2
1986,2,64,1
1986,3,69,2
1986,4,75,3
1987,1,3,1
1987,2,62,1
1987,3,66,1
1987,4,90,1
1988,1,13,3
1988,2,55,2
1989,1,34,3
1989,2,35,1
1989,3,36,2
1989,4,89,2
1990,1,37,1
1990,2,49,1
1990,3,51,1
1990,4,85,1
1990,5,99,2
1991,1,17,1
1991,2,19,2
1991,3,99,3
1992,1,0,1
1992,2,17,1
1992,3,31,3
1992,4,40,2
1992,5,70,3
1993,1,38,2
1993,2,72,1
1993,3,80,2
1993,4,90,3
1994,1,2,2
1994,2,14,3
1994,3,37,1
1994,4,84,2
1994,5,89,2
1995,1,1,3
1995,2,50,3
1995,3,62,3
1996,1,23,2
1996,2,27,2
1996,3,47,2
1996,4,75,3
1997,1,6,1
1997,2,17,2
1997,3,36,1
1997,4,70,2
1998,1,13,3
1998,2,25,3
1998,3,36,1
1998,4,44,2
1999,1,10,3
1999,2,16,1
1999,3,24,1
1999,4,30,1
1999,5,81,2
2000,1,12,1
2000,2,14,3
2000,3,40,3
2000,4,99,2
2001,1,4,3
2001,2,33,3
2001,3,83,2
2002,1,0,1
2002,2,8,1
2002,3,14,2
2002,4,22,3
2002,5,70,2
2003,1,29,2
2003,2,51,3
2003,3,74,2
2003,4,79,3
2004,1,16,3
2004,2,32,3
2004,3,52,3
2004,4,64,2
2004,5,93,2
2005,1,34,1
2005,2,35,3
2005,3,69,1
2005,4,75,2
2005,5,92,1
2006,1,1,2
2006,2,32,2
2006,3,36,2
2006,4,37,1
2006,5,70,2
2007,1,4,3
2007,2,9,2
2007,3,22,1
2007,4,71,3
2007,5,75,3
2008,1,12,3
2008,2,42,1
2008,3,75,2
2008,4,91,2
2009,1,24,2
2009,2,27,1
2009,3,33,3
2009,4,55,2
2010,1,18,2
2010,2,36,1
2010,3,65,1
2010,4,80,3
2010,5,85,3
2011,1,70,3
2011,2,84,3
2012,1,19,1
2012,2,20,1
2012,3,26,1
2012,4,57,3
2012,5,79,2
2012,6,93,3
2013,1,13,2
2013,2,17,2
2013,3,56,3
2013,4,88,2
2014,1,32,3
2014,2,37,3
2014,3,55,1
2014,4,70,3
2015,1,6,1
2015,2,71,3
2015,3,84,1
2016,1,17,2
2016,2,41,2
2016,3,58,2
2016,4,98,2
2017,1,49,1
2017,2,77,1
2017,3,78,2
2017,4,91,1
2018,1,29,3
2018,2,64,1
2018,3,69,2
2018,4,78,3
2019,1,8,1
2019,2,14,3
2019,3,35,3
2019,4,68,2
2019,5,69,1
2020,1,0,3
2020,2,6,3
2020,3,9,1
2020,4,71,2
2020,5,99,2
2021,1,0,1
2021,2,1,2
2021,3,22,2
2021,4,31,2
2021,5,35,1
2022,1,48,2
2022,2,49,1
2022,3,79,2
2022,4,84,2
2022,5,97,1
2023,1,22,3
2023,2,69,3
2023,3,86,3
2023,4,87,2
2023,5,96,1
2024,1,1,3
2024,2,25,1
2024,3,42,3
2025,1,21,3
2025,2,76,2
2025,3,77,1
2025,4,84,3
2026,1,2,3
2026,2,31,3
2026,3,44,1
2026,4,96,3
2027,1,46,1
2027,2,68,2
2027,3,72,2
2028,1,11,2
2028,2,32,3
2028,3,45,3
2028,4,60,1
2028,5,73,1
2028,6,78,1
2028,7,95,1
2029,1,38,2
2029,2,62,3
2029,3,76,2
2029,4,95,2
2029,5,96,3
2030,1,31,3
2030,2,55,1
2030,3,57,1
2030,4,68,1
2031,1,58,1
2031,2,71,1
2031,3,84,3
2032,1,20,1
2032,2,52,1
2032,3,56,2
2032,4,95,3
2032,5,96,1
2033,1,23,1
2033,2,29,1
2033,3,49,1
2033,4,75,1
2034,1,32,2
2034,2,33,2
2034,3,48,3
2034,4,54,2
2034,5,86,3
2034,6,99,3
2035,1,31,1
2035,2,37,3
2035,3,87,1
2036,1,6,2
2036,2,17,1
2036,3,18,2
2036,4,22,3
2036,5,35,3
2036,6,40,1
2037,1,14,2
2037,2,51,1
2037,3,55,1
2037,4,61,2
2037,5,82,3
2038,1,7,3
2038,2,14,3
2038,3,33,1
2038,4,58,1
2038,5,69,1
2038,6,79,3
2039,1,6,2
2039,2,31,2
2039,3,54,2
2039,4,87,1
2040,1,17,1
2040,2,35,2
2040,3,65,3
2041,1,0,2
2041,2,52,1
2041,3,59,2
2041,4,85,2
2041,5,95,3
2042,1,32,2
2042,2,44,3
2042,3,52,3
2042,4,58,3
2042,5,61,2
2043,1,6,2
2043,2,57,2
2043,3,63,3
2043,4,72,3
2044,1,12,1
2044,2,30,1
2044,3,41,3
2044,4,42,2
2044,5,79,1
2044,6,85,1
2044,7,99,2
2045,1,8,2
2045,2,28,3
2045,3,31,1
2045,4,67,3
2045,5,93,3
2045,6,96,1
2046,1,25,3
2046,2,27,2
2046,3,74,3
2046,4,99,1
2047,1,37,1
2047,2,39,1
2047,3,55,2
2047,4,66,1
2047,5,83,3
2047,6,86,2
2047,7,90,1
2048,1,11,2
2048,2,20,1
2048,3,84,1
2049,1,2,1
2049,2,15,1
2049,3,39,2
2049,4,41,2
2049,5,56,2
2049,6,61,1
2050,1,50,2
2050,2,67,1
2051,1,11,2
2051,2,14,1
2051,3,56,1
2052,1,43,1
2052,2,78,1
2052,3,79,1
2053,1,13,3
2053,2,14,2
2053,3,25,1
2053,4,40,2
2053,5,48,3
2053,6,49,3
2053,7,61,1
2053,8,79,3
2054,1,27,2
2054,2,50,2
2054,3,68,1
2054,4,80,2
2054,5,93,3
2054,6,95,2
2055,1,19,2
2055,2,30,1
2055,3,46,3
2055,4,54,3
2055,5,79,1
2056,1,6,2
2056,2,8,2
2056,3,21,1
2056,4,25,1
2056,5,26,1
2056,6,32,2
2056,7,99,2
2057,1,1,1
2057,2,31,3
2057,3,65,2
2057,4,67,3
2057,5,77,1
2058,1,49,1
2058,2,55,1
2058,3,63,1
2058,4,72,3
2059,1,21,1
2059,2,60,1
2059,3,84,3
2059,4,93,3
2060,1,35,2
2060,2,42,1
2060,3,59,1
2060,4,92,1
2061,1,10,3
2061,2,38,3
2061,3,87,3
2062,1,7,2
2062,2,17,1
2062,3,26,1
2062,4,82,1
2062,5,97,3
2063,1,4,3
2063,2,45,3
2063,3,86,2
2063,4,91,3
2064,1,4,1
2064,2,54,2
2064,3,64,1
2064,4,69,2
2064,5,86,1
2065,1,83,1
2066,1,16,1
2066,2,32,2
2066,3,55,2
2066,4,74,1
2067,1,22,3
2067,2,31,3
2067,3,37,2
2067,4,96,1
2067,5,99,3
2068,1,73,1
2068,2,96,1
2069,1,69,3
2069,2,89,3
2070,1,6,2
2070,2,57,1
2070,3,73,3
2070,4,99,1
2071,1,8,3
2071,2,38,3
2072,1,70,1
2072,2,77,3
2072,3,91,1
2073,1,3,1
2073,2,10,2
2074,1,8,2
2074,2,31,3
2074,3,52,1
2074,4,95,2
2075,1,55,1
2075,2,57,1
2076,1,3,3
2076,2,46,2
2076,3,55,2
2076,4,80,2
2076,5,81,2
2077,1,23,2
2077,2,24,2
2077,3,40,1
2077,4,50,1
2077,5,57,1
2077,6,70,2
2077,7,71,3
2078,1,22,1
2078,2,32,3
2078,3,55,2
2078,4,64,1
2078,5,89,2
2079,1,12,1
2079,2,31,2
2079,3,38,2
2079,4,75,3
2079,5,91,3
2080,1,5,2
2080,2,16,3
2080,3,25,1
2080,4,55,1
2080,5,56,3
2080,6,72,1
2080,7,80,3
2080,8,90,2
2081,1,10,2
2081,2,17,2
2081,3,86,2
2081,4,93,2
2081,5,95,3
2082,1,64,1
2082,2,85,1
2082,3,95,2
2083,1,11,2
2083,2,90,3
2084,1,10,2
2084,2,16,2
2084,3,39,1
2084,4,93,3
2085,1,11,2
2085,2,27,2
2085,3,44,3
2085,4,52,2
2085,5,79,2
2086,1,0,3
2086,2,9,3
2086,3,51,3
2086,4,70,1
2086,5,99,1
2087,1,6,2
2088,1,27,3
2088,2,43,3
2088,3,61,2
2088,4,68,3
2088,5,86,1
2088,6,93,2
2089,1,8,1
2089,2,25,1
2089,3,43,1
2089,4,50,1
2089,5,53,3
2089,6,95,1
2090,1,17,3
2090,2,71,3
2090,3,81,2
2090,4,82,3
2091,1,77,1
2091,2,88,3
2092,1,42,3
2092,2,61,1
2093,1,70,2
2093,2,93,1
2094,1,28,1
2094,2,30,2
2094,3,34,1
2094,4,53,1
2094,5,55,3
2094,6,73,3
2095,1,46,3
2095,2,63,1
2095,3,69,3
2096,1,23,1
2097,1,18,2
2097,2,49,2
2097,3,72,3
2097,4,92,1
2097,5,96,3
2098,1,29,1
2098,2,48,2
2098,3,67,1
2098,4,81,3
2098,5,90,2
2099,1,20,3
2099,2,33,2
2099,3,91,2
2100,1,12,1
2100,2,25,2
2100,3,44,3
2100,4,57,2
2100,5,77,1
2101,1,18,3
2101,2,57,3
2101,3,63,3
2101,4,95,1
2101,5,96,2
2102,1,23,2
2102,2,67,2
2102,3,94,2
2103,1,11,1
2103,2,28,1
2103,3,72,1
2103,4,77,3
2103,5,99,1
2104,1,9,1
2104,2,69,3
2104,3,74,2
2104,4,87,1
2105,1,10,1
2105,2,19,3
2105,3,44,2
2105,4,56,1
2105,5,78,3
2106,1,13,3
2106,2,27,3
2106,3,31,2
2106,4,43,2
2106,5,67,3
2106,6,69,3
2106,7,75,3
2106,8,82,2
2107,1,18,2
2107,2,25,2
2107,3,32,3
2107,4,34,1
2107,5,86,2
2108,1,11,3
2108,2,84,2
2108,3,86,3
2109,1,5,1
2109,2,10,3
2109,3,21,3
2109,4,49,2
2109,5,74,3
2110,1,14,3
2110,2,48,1
2110,3,65,3
2110,4,70,2
2110,5,79,1
2110,6,95,3
2111,1,10,2
2111,2,27,2
2112,1,3,3
2112,2,27,3
2112,3,29,1
2112,4,91,3
2113,1,12,1
2113,2,21,1
2113,3,31,1
2113,4,47,2
2113,5,62,2
2113,6,87,2
2113,7,95,3
2114,1,17,3
2114,2,60,2
2114,3,91,2
2115,1,1,2
2115,2,17,3
2115,3,32,1
2116,1,4,2
2116,2,10,1
2116,3,26,2
2116,4,54,3
2116,5,75,1
2117,1,2,1
2117,2,8,3
2117,3,43,1
2117,4,47,2
2118,1,4,3
2118,2,19,1
2118,3,80,3
2119,1,22,1
2119,2,36,1
2119,3,74,2
2120,1,17,2
2120,2,22,3
2120,3,76,1
2120,4,93,3
2120,5,99,1
2121,1,0,3
2121,2,31,3
2121,3,61,1
2121,4,84,2
2121,5,94,2
2121,6,95,2
2122,1,73,2
2122,2,83,2
2122,3,95,2
2123,1,14,3
2123,2,22,2
2123,3,70,3
2123,4,84,1
2123,5,96,3
2124,1,6,1
2124,2,19,3
2124,3,46,2
2124,4,56,2
2125,1,17,2
2125,2,33,2
2125,3,84,2
2126,1,22,3
2126,2,24,2
2126,3,32,3
2126,4,39,3
2127,1,22,1
2127,2,42,3
2127,3,79,3
2127,4,91,1
2127,5,97,1
2128,1,2,2
2128,2,58,2
2128,3,71,1
2128,4,88,3
2128,5,95,2
2129,1,87,1
2129,2,88,1
2130,1,28,1
2130,2,41,3
2130,3,55,1
2130,4,69,2
2131,1,8,3
2131,2,17,3
2131,3,21,1
2131,4,65,2
2131,5,77,2
2132,1,0,2
2132,2,9,1
2132,3,51,3
2132,4,55,2
2132,5,56,2
2132,6,75,3
2133,1,21,1
2133,2,43,1
2133,3,65,2
2134,1,39,1
2134,2,56,3
2135,1,24,2
2135,2,25,2
2135,3,39,3
2135,4,88,1
2135,5,91,1
2136,1,47,3
2136,2,49,2
2136,3,52,2
2137,1,14,1
2137,2,37,2
2137,3,39,3
2137,4,98,1
2138,1,16,3
2138,2,55,2
2138,3,69,2
2138,4,84,1
2139,1,18,3
2139,2,20,3
2139,3,48,2
2139,4,69,1
2139,5,86,3
2140,1,2,1
2140,2,13,3
2140,3,74,1
2141,1,10,3
2141,2,11,3
2141,3,21,3
2141,4,52,1
2141,5,69,2
2142,1,1,2
2142,2,28,3
2142,3,37,2
2142,4,51,1
2143,1,5,3
2143,2,39,3
2143,3,70,1
2143,4,97,2
2144,1,3,2
2144,2,17,2
2144,3,51,1
2144,4,62,3
2144,5,67,1
2145,1,1,3
2145,2,17,3
2145,3,24,2
2145,4,98,3
2146,1,31,2
2146,2,38,1
2146,3,52,1
2146,4,58,3
2146,5,76,1
2146,6,77,3
2146,7,88,2
2146,8,99,3
2147,1,10,2
2147,2,16,3
2147,3,55,3
2147,4,82,1
2147,5,84,1
2148,1,76,3
2148,2,80,3
2148,3,91,2
2149,1,28,3
2149,2,67,1
2149,3,96,3
2150,1,8,2
2150,2,21,3
2150,3,32,3
2150,4,88,3
2151,1,24,1
2151,2,47,3
2151,3,58,1
2152,1,4,2
2152,2,27,2
2152,3,44,1
2152,4,49,1
2153,1,0,1
2153,2,17,3
2153,3,68,3
2153,4,81,2
2153,5,82,2
2154,1,21,1
2154,2,22,3
2154,3,67,2
2154,4,87,2
2154,5,93,1
2155,1,0,2
2155,2,32,1
2155,3,66,1
2156,1,31,1
2156,2,36,2
2156,3,83,2
2156,4,86,2
2156,5,93,3
2157,1,55,3
2157,2,72,3
2158,1,38,2
2158,2,42,1
2158,3,66,1
2158,4,88,1
2158,5,95,1
2158,6,96,2
2159,1,9,2
2159,2,33,3
2159,3,75,2
2159,4,98,3
2160,1,29,2
2161,1,73,2
2161,2,75,2
2161,3,81,1
2161,4,92,2
2162,1,0,1
2162,2,17,1
2162,3,34,1
2162,4,58,1
2162,5,70,3
2162,6,75,2
2163,1,8,2
2163,2,76,1
2163,3,84,3
2163,4,96,2
2164,1,13,3
2164,2,59,2
2164,3,69,3
2164,4,77,1
2164,5,84,1
2164,6,95,2
2165,1,43,3
2165,2,53,2
2165,3,78,3
2165,4,93,1
2166,1,6,2
2166,2,22,3
2166,3,56,3
2167,1,10,1
2167,2,11,3
2167,3,33,3
2167,4,53,2
2167,5,99,2
2168,1,68,3
2168,2,77,3
2168,3,99,3
2169,1,7,1
2169,2,35,1
2169,3,49,1
2170,1,11,2
2170,2,56,3
2170,3,89,2
2170,4,91,3
2171,1,59,2
2171,2,60,2
2171,3,66,2
2171,4,92,1
2172,1,79,2
2173,1,43,3
2173,2,53,2
2173,3,88,1
2173,4,89,2
2174,1,14,1
2174,2,51,3
2174,3,68,2
2175,1,27,1
2175,2,35,3
2175,3,65,1
2175,4,77,1
2175,5,94,1
2176,1,43,2
2176,2,71,1
2177,1,8,3
2177,2,22,1
2177,3,31,3
2177,4,77,3
2177,5,97,2
2178,1,30,3
2178,2,48,1
2178,3,69,2
2178,4,78,1
2179,1,1,1
2179,2,2,1
2179,3,5,1
2179,4,13,1
2179,5,17,2
2179,6,49,2
2180,1,2,3
2180,2,27,3
2180,3,75,2
2180,4,98,3
2181,1,12,3
2181,2,40,3
2181,3,90,3
2182,1,15,3
2182,2,85,1
2183,1,5,3
2183,2,10,2
2183,3,60,3
2183,4,92,1
2184,1,5,1
2184,2,25,1
2184,3,55,1
2185,1,18,3
2185,2,55,2
2185,3,68,1
2185,4,72,1
2185,5,75,1
2186,1,9,1
2186,2,31,3
2186,3,36,1
2186,4,41,2
2186,5,62,1
2186,6,65,3
2186,7,77,3
2187,1,38,1
2187,2,69,1
2187,3,73,1
2187,4,99,1
2188,1,10,3
2188,2,14,2
2188,3,47,2
2188,4,54,3
2188,5,80,2
2188,6,90,3
2189,1,38,3
2189,2,78,3
2189,3,84,3
2190,1,31,2
2190,2,52,1
2190,3,66,1
2190,4,76,2
2190,5,96,1
2190,6,99,2
2191,1,64,1
2191,2,75,2
2191,3,77,2
2191,4,81,2
2191,5,84,2
2192,1,55,1
2192,2,60,2
2192,3,61,3
2193,1,2,2
2193,2,32,2
2193,3,75,3
2193,4,84,1
2194,1,68,1
2194,2,75,1
2194,3,90,2
2194,4,98,1
2195,1,1,2
2195,2,30,1
2195,3,40,3
2195,4,45,2
2195,5,68,1
2195,6,99,3
2196,1,25,2
2196,2,43,2
2196,3,46,3
2196,4,82,3
2196,5,96,3
2197,1,3,3
2197,2,11,3
2197,3,29,3
2198,1,20,1
2198,2,57,3
2198,3,58,3
2198,4,72,1
2198,5,75,1
2198,6,80,2
2199,1,10,1
2199,2,84,2
2199,3,91,3
2199,4,95,2
2200,1,10,1
2200,2,42,2
2200,3,48,1
2200,4,77,2
2200,5,92,1
2201,1,90,2
2201,2,95,3
2202,1,4,3
2202,2,22,3
2202,3,23,3
2202,4,29,3
2202,5,35,3
2203,1,31,2
2203,2,76,3
2204,1,10,3
2204,2,72,3
2204,3,75,3
2204,4,80,1
2204,5,90,2
2205,1,30,3
2205,2,39,1
2205,3,96,3
2206,1,4,3
2206,2,25,2
2206,3,51,2
2206,4,55,1
2207,1,12,2
2207,2,22,1
2207,3,39,2
2207,4,58,1
2207,5,69,1
2208,1,25,3
2208,2,61,3
2208,3,98,2
2209,1,28,2
2209,2,30,3
2209,3,75,1
2210,1,11,1
2210,2,96,1
2211,1,1,3
2211,2,4,2
2211,3,61,2
2211,4,70,1
2212,1,40,2
2212,2,56,2
2213,1,31,1
2213,2,95,1
2214,1,23,1
2214,2,29,3
2214,3,45,1
2214,4,52,3
2214,5,82,1
2214,6,83,3
2214,7,91,2
2215,1,10,1
2215,2,17,3
2215,3,22,1
2215,4,45,3
2215,5,60,1
2215,6,80,2
2216,1,11,2
2216,2,24,3
2216,3,32,3
2216,4,46,3
2217,1,11,2
2217,2,16,1
2217,3,68,1
2218,1,27,1
2218,2,30,2
2218,3,71,3
2219,1,13,2
2219,2,25,1
2219,3,43,2
2219,4,61,1
2219,5,79,1
2220,1,6,1
2220,2,34,2
2220,3,75,1
2220,4,89,1
2220,5,92,1
2221,1,11,2
2221,2,23,3
2221,3,93,3
2221,4,94,3
2222,1,17,3
2222,2,51,2
2223,1,45,1
2223,2,52,1
2223,3,71,3
2223,4,83,2
2224,1,11,1
2224,2,55,3
2224,3,70,1
2224,4,77,1
2224,5,95,3
2225,1,33,2
2225,2,44,1
2225,3,65,1
2226,1,0,2
2226,2,13,3
2226,3,32,3
2226,4,56,1
2227,1,3,2
2227,2,16,2
2227,3,26,2
2227,4,30,1
2227,5,48,3
2227,6,58,2
2227,7,83,1
2228,1,2,1
2228,2,19,2
2228,3,31,1
2228,4,33,1
2228,5,49,3
2229,1,62,1
2229,2,67,3
2229,3,87,1
2230,1,17,2
2230,2,31,1
2230,3,48,3
2230,4,61,1
2230,5,95,2
2231,1,2,2
2231,2,20,3
2231,3,28,1
2231,4,56,2
2231,5,75,1
2231,6,80,1
2231,7,89,2
2232,1,23,3
2232,2,25,3
2232,3,35,2
2232,4,41,1
2232,5,44,1
2232,6,61,2
2232,7,76,1
2233,1,24,3
2233,2,36,1
2233,3,52,2
2233,4,82,2
2234,1,1,1
2234,2,12,3
2234,3,14,1
2235,1,19,3
2235,2,50,1
2235,3,75,2
2236,1,9,1
2236,2,38,1
2236,3,69,3
2236,4,86,2
2236,5,95,2
2237,1,48,3
2237,2,59,3
2237,3,66,1
2237,4,67,3
2237,5,83,1
2238,1,35,2
2238,2,46,3
2238,3,51,2
2238,4,74,3
2239,1,13,1
2239,2,22,2
2239,3,27,1
2239,4,52,2
2240,1,13,3
2240,2,19,2
2240,3,41,3
2240,4,81,1
2240,5,95,1
2241,1,5,1
2241,2,20,1
2241,3,22,1
2241,4,91,3
2241,5,96,2
2242,1,12,2
2242,2,25,2
2242,3,48,2
2242,4,57,3
2242,5,61,1
2242,6,93,1
2243,1,3,2
2243,2,31,2
2243,3,54,2
2244,1,33,3
2244,2,87,2
2245,1,52,1
2245,2,92,1
2245,3,95,2
2246,1,10,3
2246,2,47,3
2246,3,77,1
2246,4,80,1
2247,1,27,3
2247,2,28,3
2248,1,0,3
2248,2,17,1
2248,3,22,3
2248,4,44,3
2248,5,53,2
2248,6,64,2
2249,1,45,1
2249,2,76,1
2250,1,7,1
2250,2,31,2
2250,3,43,2
2250,4,45,3
2250,5,46,3
2250,6,89,1
2251,1,55,2
2251,2,59,3
2252,1,21,1
2252,2,44,1
2252,3,65,1
2253,1,27,1
2253,2,35,1
2253,3,42,2
2253,4,49,3
2253,5,80,2
2253,6,86,3
2254,1,16,3
2255,1,29,1
2255,2,69,2
2255,3,88,2
2255,4,95,1
2256,1,51,3
2256,2,83,3
2256,3,85,3
2256,4,93,1
2256,5,97,2
2257,1,49,3
2257,2,52,3
2257,3,78,2
2257,4,93,3
2258,1,29,3
2258,2,40,3
2258,3,84,3
2259,1,4,1
2259,2,27,2
2259,3,92,3
2260,1,33,2
2260,2,39,2
2260,3,64,1
2260,4,99,1
2261,1,21,3
2261,2,35,3
2261,3,44,3
2261,4,82,2
2261,5,99,2
2262,1,23,1
2262,2,32,3
2262,3,49,3
2262,4,62,3
2262,5,90,2
2263,1,0,3
2263,2,11,2
2263,3,25,1
2263,4,47,2
2263,5,57,1
2263,6,70,1
2263,7,75,1
2263,8,88,3
2264,1,13,3
2264,2,48,3
2264,3,78,1
2264,4,79,2
2264,5,99,3
2265,1,5,2
2265,2,41,2
2265,3,47,3
2265,4,83,2
2265,5,91,3
2266,1,20,3
2266,2,45,1
2266,3,80,2
2266,4,86,1
2267,1,34,3
2267,2,36,2
2268,1,2,1
2268,2,31,2
2268,3,70,2
2268,4,93,1
2269,1,43,2
2269,2,57,3
2269,3,71,1
2269,4,82,1
2270,1,81,1
2270,2,94,1
2271,1,20,1
2272,1,16,3
2272,2,22,3
2273,1,2,3
2273,2,49,1
2273,3,71,3
2273,4,74,3
2273,5,82,3
2274,1,16,1
2274,2,47,3
2274,3,72,1
2274,4,85,2
2275,1,1,3
2275,2,28,1
2275,3,68,1
2275,4,75,2
2275,5,76,1
2276,1,63,1
2276,2,96,3
2276,3,99,3
2277,1,6,1
2277,2,17,2
2277,3,21,1
2277,4,24,1
2277,5,90,3
2278,1,13,2
2278,2,69,3
2279,1,16,1
2280,1,31,2
2280,2,81,2
2280,3,99,3
2281,1,30,1
2281,2,34,2
2281,3,45,3
2281,4,68,2
2281,5,83,2
2281,6,86,3
2282,1,12,3
2282,2,17,3
2282,3,30,2
2282,4,71,3
2282,5,99,2
2283,1,30,1
2283,2,65,1
2284,1,5,2
2284,2,10,3
2284,3,25,2
2284,4,47,1
2284,5,63,1
2284,6,75,3
2284,7,98,2
2285,1,0,1
2285,2,4,2
2285,3,19,2
2285,4,20,2
2285,5,83,1
2286,1,27,2
2286,2,69,3
2286,3,72,2
2286,4,73,1
2286,5,80,1
2287,1,19,1
2287,2,55,1
2287,3,77,1
2288,1,9,1
2288,2,22,3
2288,3,57,2
2289,1,91,2
2290,1,70,2
2291,1,11,3
2291,2,14,2
2291,3,17,3
2291,4,24,3
2291,5,25,2
2291,6,44,2
2291,7,88,2
2292,1,8,3
2292,2,49,2
2292,3,58,1
2293,1,8,1
2293,2,99,3
2294,1,2,1
2294,2,34,1
2294,3,37,1
2294,4,47,1
2294,5,80,3
2295,1,20,2
2295,2,25,3
2295,3,33,3
2295,4,64,2
2295,5,78,1
2296,1,2,2
2296,2,24,1
2296,3,25,2
2296,4,36,1
2296,5,39,3
2297,1,7,2
2297,2,23,2
2297,3,31,1
2297,4,36,2
2297,5,47,1
2298,1,36,3
2298,2,53,1
2298,3,63,3
2298,4,69,2
2298,5,90,1
2299,1,10,2
2299,2,29,3
2299,3,53,3
2299,4,75,3
2299,5,77,1
2300,1,31,2
2300,2,38,2
2300,3,52,3
2301,1,0,2
2301,2,20,3
2301,3,51,3
2301,4,73,1
2301,5,83,1
2302,1,15,3
2302,2,22,2
2302,3,45,2
2302,4,97,2
2302,5,98,2
2303,1,0,3
2303,2,54,1
2303,3,98,2
2304,1,11,3
2304,2,21,3
2304,3,31,3
2304,4,65,3
2304,5,66,2
2304,6,85,2
2305,1,31,1
2305,2,74,3
2305,3,75,2
2305,4,85,2
2305,5,95,2
2306,1,0,1
2306,2,31,2
2306,3,43,1
2306,4,74,2
2306,5,89,2
2306,6,90,2
2306,7,99,1
2307,1,19,3
2307,2,40,2
2307,3,54,3
2307,4,76,2
2308,1,36,3
2308,2,76,1
2308,3,93,2
2308,4,95,1
2309,1,31,1
2309,2,67,1
2309,3,76,2
2310,1,29,1
2310,2,67,3
2310,3,80,2
2310,4,82,3
2310,5,91,2
2311,1,12,1
2311,2,33,3
2311,3,44,2
2311,4,58,1
2311,5,61,2
2311,6,99,2
2312,1,0,3
2312,2,20,2
2312,3,32,3
2312,4,42,2
2312,5,55,3
2312,6,74,2
2312,7,99,3
2313,1,18,3
2313,2,34,3
2313,3,87,3
2313,4,98,3
2314,1,25,2
2314,2,26,2
2314,3,33,3
2314,4,70,3
2314,5,97,3
2315,1,44,3
2315,2,61,2
2315,3,70,2
2315,4,99,3
2316,1,80,1
2317,1,55,1
2318,1,22,3
2318,2,28,1
2318,3,72,3
2318,4,81,3
2319,1,13,2
2319,2,15,2
2319,3,25,2
2319,4,29,3
2319,5,41,1
2319,6,58,1
2319,7,69,1
2320,1,75,1
2320,2,80,2
2320,3,99,2
2321,1,18,2
2321,2,34,1
2321,3,45,1
2321,4,64,1
2321,5,86,2
2321,6,91,1
2322,1,33,1
2322,2,64,1
2323,1,1,2
2323,2,3,3
2323,3,10,1
2323,4,69,1
2323,5,75,2
2323,6,82,3
2324,1,20,2
2324,2,23,1
2324,3,47,2
2324,4,61,2
2324,5,79,3
2324,6,92,1
2325,1,10,3
2325,2,46,3
2326,1,44,1
2326,2,70,1
2326,3,86,3
2327,1,9,2
2327,2,22,2
2327,3,58,1
2327,4,68,2
2328,1,38,1
2328,2,99,3
2329,1,24,1
2329,2,28,3
2329,3,33,2
2329,4,46,2
2329,5,76,3
2329,6,77,3
2329,7,88,1
2330,1,72,2
2330,2,76,3
2331,1,31,2
2331,2,38,1
2331,3,67,3
2331,4,95,2
2332,1,26,3
2332,2,31,2
2332,3,32,2
2332,4,33,2
2332,5,53,2
2333,1,22,3
2333,2,39,3
2333,3,53,1
2333,4,61,1
2334,1,1,3
2334,2,46,1
2334,3,62,3
2334,4,69,1
2335,1,22,1
2335,2,25,1
2335,3,51,3
2335,4,85,3
2335,5,97,3
2336,1,3,2
2336,2,33,2
2336,3,49,3
2336,4,50,2
2336,5,53,3
2336,6,59,2
2336,7,97,2
2337,1,13,3
2337,2,62,1
2337,3,88,2
2337,4,92,3
2338,1,13,1
2338,2,28,2
2338,3,74,1
2338,4,88,2
2339,1,94,3
2340,1,10,1
2340,2,65,2
2340,3,72,1
2340,4,84,2
2341,1,84,1
2341,2,94,2
2342,1,34,1
2342,2,99,2
2343,1,8,2
2343,2,43,1
2343,3,77,1
2343,4,97,2
2344,1,90,1
2345,1,22,1
2345,2,37,1
2345,3,38,2
2345,4,49,3
2345,5,89,3
2346,1,24,2
2346,2,55,2
2346,3,68,2
2346,4,88,1
2347,1,9,2
2347,2,12,3
2347,3,13,3
2347,4,49,3
2347,5,51,2
2347,6,58,3
2348,1,10,1
2348,2,53,1
2348,3,71,3
2348,4,78,1
2348,5,81,2
2349,1,3,1
2349,2,16,1
2349,3,69,2
2350,1,4,1
2350,2,17,3
2350,3,21,2
2350,4,32,2
2350,5,46,2
2350,6,75,2
2350,7,81,2
2350,8,95,3
2351,1,8,2
2351,2,52,3
2351,3,87,2
2351,4,95,3
2352,1,12,1
2352,2,59,1
2352,3,62,3
2352,4,67,2
2353,1,2,1
2353,2,5,3
2353,3,60,2
2353,4,96,3
2354,1,17,3
2354,2,41,3
2354,3,59,1
2354,4,84,1
2355,1,17,3
2355,2,25,3
2355,3,27,3
2355,4,41,2
2355,5,58,3
2355,6,69,1
2355,7,99,1
2356,1,33,1
2356,2,38,3
2356,3,65,2
2356,4,71,2
2356,5,89,3
2357,1,99,2
2358,1,14,1
2358,2,20,3
2358,3,50,1
2358,4,70,3
2358,5,98,1
2359,1,20,3
2359,2,31,1
2359,3,40,3
2359,4,67,1
2359,5,78,3
2360,1,3,2
2360,2,12,2
2360,3,35,3
2360,4,70,3
2360,5,82,3
2361,1,22,1
2361,2,37,2
2361,3,66,1
2362,1,92,2
2363,1,96,3
2364,1,51,2
2364,2,56,2
2364,3,69,1
2364,4,80,2
2364,5,85,2
2365,1,15,2
2365,2,29,2
2365,3,36,2
2365,4,68,1
2365,5,89,2
2365,6,97,2
2366,1,14,2
2366,2,84,3
2367,1,5,1
2367,2,34,2
2367,3,83,3
2367,4,89,1
2367,5,92,3
2368,1,18,3
2368,2,62,1
2368,3,89,2
2368,4,91,2
2369,1,31,1
2369,2,77,1
2369,3,90,3
2369,4,96,1
2370,1,67,2
2370,2,68,1
2370,3,75,2
2371,1,74,3
2371,2,78,3
2371,3,99,1
2372,1,38,1
2372,2,50,1
2372,3,57,2
2372,4,75,1
2372,5,78,2
2372,6,87,1
2373,1,10,3
2373,2,72,1
2374,1,8,2
2374,2,15,1
2374,3,31,3
2374,4,59,2
2374,5,76,1
2374,6,95,1
2375,1,16,1
2375,2,17,1
2375,3,58,2
2375,4,70,3
2375,5,71,2
2375,6,82,2
2375,7,86,3
2376,1,17,1
2376,2,24,1
2376,3,44,2
2376,4,50,3
2376,5,55,3
2376,6,84,2
2377,1,26,1
2377,2,33,2
2377,3,52,2
2377,4,54,2
2377,5,69,3
2378,1,95,1
2379,1,6,2
2379,2,44,1
2379,3,88,3
2379,4,91,3
2380,1,24,2
2380,2,37,3
2380,3,49,3
2380,4,64,2
2380,5,79,2
2380,6,91,2
2381,1,6,1
2381,2,55,1
2381,3,74,2
2382,1,25,1
2382,2,39,1
2382,3,87,2
2383,1,25,1
2383,2,42,2
2383,3,44,2
2384,1,18,3
2384,2,63,2
2385,1,44,1
2385,2,52,2
2385,3,55,2
2385,4,61,2
2385,5,68,2
2385,6,73,2
2386,1,38,2
2386,2,41,2
2386,3,91,1
2387,1,5,3
2387,2,7,2
2387,3,82,1
2387,4,83,1
2387,5,91,2
2388,1,17,2
2388,2,21,1
2388,3,32,1
2388,4,35,1
2388,5,40,1
2388,6,45,1
2388,7,54,1
2389,1,42,2
2389,2,61,1
2390,1,19,3
2390,2,24,1
2390,3,30,1
2390,4,75,3
2390,5,89,1
2391,1,1,1
2391,2,15,3
2391,3,61,1
2391,4,62,3
2391,5,69,2
2391,6,94,3
2392,1,61,1
2392,2,70,2
2392,3,98,1
2393,1,7,2
2393,2,24,3
2393,3,61,2
2393,4,83,3
2394,1,15,3
2394,2,67,3
2394,3,69,2
2394,4,72,2
2395,1,8,3
2395,2,11,2
2395,3,18,2
2395,4,51,3
2395,5,66,1
2395,6,68,2
2396,1,11,2
2396,2,15,3
2396,3,56,3
2396,4,87,3
2397,1,2,2
2397,2,4,3
2397,3,61,1
2397,4,67,1
2397,5,95,1
2398,1,21,1
2398,2,31,3
2398,3,65,3
2399,1,47,3
2399,2,60,3
2399,3,64,1
2399,4,68,1
2399,5,90,3
2399,6,97,2
2400,1,22,2
2400,2,44,1
2400,3,46,2
2400,4,52,1
2400,5,68,2
2401,1,10,1
2401,2,19,1
2401,3,72,2
2401,4,92,1
2402,1,6,2
2402,2,9,2
2402,3,27,3
2402,4,31,1
2402,5,32,3
2402,6,89,2
2403,1,13,3
2403,2,22,3
2403,3,32,2
2403,4,40,1
2403,5,71,3
2403,6,84,2
2404,1,2,3
2404,2,55,1
2404,3,73,1
2405,1,36,1
2405,2,93,3
2406,1,15,3
2406,2,21,2
2406,3,38,2
2406,4,95,3
2407,1,3,3
2407,2,16,3
2407,3,33,2
2407,4,69,2
2407,5,71,2
2408,1,40,2
2408,2,55,3
2408,3,80,3
2409,1,14,2
2409,2,35,1
2410,1,34,3
2410,2,53,3
2410,3,68,2
2411,1,5,3
2411,2,34,2
2411,3,41,3
2411,4,80,2
2412,1,15,2
2412,2,66,1
2412,3,76,3
2412,4,95,2
2413,1,13,2
2413,2,31,3
2413,3,74,1
2413,4,84,3
2413,5,96,1
2414,1,24,2
2414,2,75,2
2414,3,90,3
2415,1,17,1
2415,2,22,1
2415,3,92,1
2416,1,4,1
2416,2,10,2
2416,3,28,3
2417,1,52,2
2417,2,77,3
2417,3,93,2
2417,4,99,2
2418,1,31,3
2419,1,5,3
2419,2,16,2
2419,3,52,1
2419,4,73,3
2419,5,76,2
2420,1,0,3
2420,2,22,3
2420,3,28,3
2420,4,30,3
2420,5,56,2
2420,6,93,1
2421,1,20,2
2421,2,28,1
2421,3,30,3
2421,4,75,3
2422,1,27,3
2422,2,39,3
2422,3,75,2
2422,4,94,1
2423,1,11,3
2423,2,19,2
2423,3,47,2
2424,1,30,2
2424,2,41,1
2424,3,74,1
2425,1,19,2
2425,2,30,2
2425,3,72,3
2425,4,84,1
2426,1,20,3
2426,2,29,2
2426,3,39,1
2426,4,57,3
2426,5,75,1
2427,1,14,3
2427,2,41,3
2427,3,42,3
2427,4,56,2
2428,1,47,2
2428,2,92,3
2429,1,24,1
2429,2,39,3
2429,3,78,2
2429,4,88,2
2430,1,8,2
2430,2,24,1
2431,1,16,2
2431,2,23,2
2431,3,55,1
2432,1,27,3
2432,2,71,3
2433,1,11,2
2433,2,45,2
2433,3,47,1
2433,4,80,3
2433,5,92,1
2434,1,22,2
2434,2,25,3
2434,3,26,2
2434,4,32,3
2434,5,35,1
2435,1,10,2
2435,2,16,2
2435,3,38,1
2435,4,65,3
2435,5,84,2
2436,1,17,1
2436,2,71,2
2436,3,75,1
2437,1,6,1
2437,2,8,1
2437,3,9,2
2437,4,51,3
2437,5,68,1
2437,6,71,1
2438,1,22,2
2438,2,98,1
2439,1,19,1
2439,2,30,2
2439,3,48,1
2439,4,62,1
2439,5,73,3
2439,6,81,1
2440,1,22,3
2440,2,44,1
2440,3,53,2
2440,4,73,3
2441,1,20,1
2441,2,95,3
2442,1,11,2
2442,2,26,3
2442,3,46,2
2442,4,55,3
2442,5,69,1
2442,6,93,2
2443,1,6,2
2443,2,42,2
2443,3,90,3
2444,1,69,1
2444,2,84,2
2445,1,41,1
2445,2,51,1
2446,1,53,3
2446,2,65,3
2446,3,76,3
2446,4,78,1
2447,1,21,2
2447,2,43,1
2447,3,49,3
2447,4,82,2
2448,1,31,3
2448,2,61,3
2448,3,84,1
2448,4,88,2
2449,1,95,3
2450,1,25,2
2450,2,47,2
2450,3,62,3
2451,1,8,1
2451,2,24,1
2451,3,30,2
2451,4,76,1
2451,5,93,1
2451,6,96,2
2452,1,17,2
2452,2,73,3
2452,3,88,1
2453,1,17,2
2453,2,58,2
2453,3,75,2
2453,4,77,2
2454,1,10,1
2454,2,53,2
2454,3,55,1
2454,4,64,1
2454,5,81,3
2454,6,97,1
2455,1,28,1
2455,2,69,3
2455,3,81,1
2456,1,10,3
2456,2,33,3
2457,1,22,2
2457,2,40,2
2457,3,82,3
2458,1,21,2
2458,2,34,3
2458,3,62,3
2458,4,75,2
2459,1,29,1
2459,2,55,3
2459,3,93,3
2460,1,7,1
2460,2,42,3
2460,3,74,2
2461,1,1,1
2461,2,4,2
2461,3,22,3
2461,4,25,2
2461,5,45,2
2461,6,55,2
2461,7,73,3
2462,1,17,2
2462,2,58,3
2462,3,70,1
2463,1,27,1
2463,2,45,2
2463,3,55,2
2463,4,92,1
2464,1,4,2
2464,2,28,2
2464,3,45,3
2464,4,69,2
2465,1,48,3
2465,2,53,2
2465,3,54,1
2466,1,24,3
2466,2,91,3
2467,1,10,2
2467,2,16,2
2467,3,22,3
2467,4,73,2
2468,1,37,3
2468,2,61,2
2468,3,91,2
2468,4,94,2
2468,5,96,1
2469,1,17,3
2469,2,19,1
2469,3,30,1
2469,4,52,1
2469,5,82,1
2470,1,44,3
2470,2,99,3
2471,1,29,3
2471,2,35,3
2471,3,86,3
2472,1,10,2
2472,2,36,1
2472,3,91,3
2472,4,93,3
2473,1,1,3
2473,2,33,2
2473,3,58,3
2473,4,84,3
2474,1,15,2
2474,2,75,2
2475,1,4,2
2475,2,29,3
2475,3,50,3
2475,4,70,1
2476,1,47,1
2476,2,86,1
2477,1,10,1
2477,2,13,3
2477,3,32,1
2478,1,14,2
2478,2,33,2
2478,3,50,2
2479,1,4,2
2479,2,7,1
2479,3,44,3
2479,4,71,2
2479,5,90,1
2480,1,4,2
2480,2,12,3
2480,3,58,2
2480,4,61,3
2480,5,79,2
2481,1,0,1
2481,2,23,1
2481,3,25,1
2481,4,68,3
2481,5,69,3
2481,6,81,1
2481,7,87,3
2482,1,2,1
2482,2,22,3
2482,3,70,2
2482,4,77,1
2483,1,3,2
2483,2,10,3
2483,3,12,2
2483,4,46,3
2483,5,48,1
2483,6,59,3
2483,7,69,1
2484,1,16,2
2484,2,60,3
2484,3,90,1
2484,4,99,3
2485,1,34,2
2485,2,88,1
2485,3,92,2
2486,1,16,1
2486,2,38,3
2486,3,39,3
2486,4,65,2
2486,5,79,2
2486,6,88,3
2486,7,95,2
2486,8,96,1
2487,1,15,3
2487,2,32,1
2487,3,43,3
2487,4,70,1
2487,5,77,3
2487,6,96,3
2488,1,22,1
2488,2,40,2
2488,3,99,1
2489,1,6,3
2489,2,48,1
2489,3,63,1
2489,4,82,1
2489,5,86,3
2490,1,10,3
2490,2,16,1
2490,3,18,1
2490,4,23,1
2490,5,94,2
2491,1,15,1
2491,2,22,2
2491,3,34,3
2491,4,56,3
2491,5,73,2
2492,1,10,1
2492,2,22,1
2492,3,31,3
2492,4,81,1
2492,5,90,1
2492,6,91,2
2492,7,92,2
2493,1,31,2
2493,2,33,3
2493,3,68,3
2493,4,99,3
2494,1,2,3
2494,2,48,3
2494,3,60,2
2495,1,1,2
2495,2,9,1
2495,3,42,2
2495,4,48,1
2495,5,70,3
2495,6,91,3
2496,1,13,1
2496,2,28,2
2496,3,57,3
2497,1,7,1
2497,2,32,3
2497,3,51,2
2497,4,67,1
2498,1,44,3
2498,2,80,2
2498,3,89,1
2499,1,65,1
2499,2,78,1
2500,1,13,2
2500,2,31,3
2500,3,64,3
2500,4,72,3
2500,5,78,3
2501,1,8,3
2501,2,38,2
2501,3,67,1
2501,4,76,3
2501,5,91,1
2501,6,96,2
2502,1,6,2
2502,2,15,3
2502,3,51,2
2502,4,86,2
2503,1,49,1
2503,2,68,2
2503,3,75,3
2503,4,82,1
2504,1,6,2
2504,2,24,2
2504,3,27,2
2504,4,44,2
2504,5,85,1
2504,6,86,1
2504,7,87,2
2505,1,31,2
2505,2,64,1
2505,3,69,2
2505,4,72,2
2506,1,3,1
2506,2,10,1
2507,1,1,2
2507,2,14,1
2507,3,83,1
2508,1,37,1
2508,2,51,1
2508,3,86,3
2508,4,96,3
2509,1,22,3
2509,2,84,1
2510,1,35,3
2510,2,42,2
2510,3,89,2
2511,1,43,1
2511,2,78,1
2512,1,24,1
2512,2,32,3
2512,3,37,2
2512,4,40,2
2512,5,52,3
2512,6,72,2
2512,7,76,3
2512,8,95,2
2513,1,7,1
2513,2,12,1
2513,3,13,3
2513,4,45,1
2513,5,61,1
2513,6,95,2
2514,1,39,3
2514,2,43,3
2514,3,49,3
2514,4,57,2
2514,5,58,3
2514,6,73,3
2515,1,14,3
2515,2,61,3
2515,3,91,3
2515,4,97,3
2516,1,1,3
2516,2,42,1
2516,3,61,1
2517,1,37,2
2517,2,75,1
2517,3,77,3
2517,4,82,2
2518,1,17,1
2518,2,90,1
2518,3,95,1
2519,1,16,1
2519,2,26,2
2519,3,28,2
2519,4,36,3
2519,5,64,1
2519,6,81,3
2520,1,46,2
2521,1,31,2
2521,2,50,2
2521,3,78,2
2521,4,81,2
2522,1,22,2
2522,2,23,1
2522,3,46,2
2522,4,82,1
2523,1,11,3
2523,2,70,1
2523,3,89,2
2523,4,92,2
2523,5,99,1
2524,1,23,3
2524,2,37,2
2524,3,47,1
2524,4,63,1
2524,5,72,2
2525,1,37,1
2525,2,50,3
2525,3,71,2
2525,4,86,3
2526,1,54,3
2526,2,55,2
2526,3,84,3
2526,4,88,3
2527,1,23,3
2527,2,47,3
2527,3,75,1
2527,4,83,2
2527,5,92,3
2528,1,10,3
2528,2,16,1
2528,3,64,1
2528,4,80,2
2528,5,81,3
2529,1,12,2
2529,2,41,3
2529,3,57,2
2529,4,87,2
2529,5,95,2
2530,1,2,1
2530,2,23,3
2530,3,85,2
2530,4,89,2
2530,5,94,2
2530,6,96,3
2531,1,76,3
2531,2,87,3
2532,1,24,2
2532,2,50,2
2532,3,61,2
2532,4,97,2
2533,1,23,3
2533,2,30,2
2533,3,74,2
2534,1,0,2
2534,2,23,2
2534,3,30,2
2534,4,80,1
2535,1,37,1
2535,2,43,3
2535,3,69,2
2535,4,83,2
2536,1,29,2
2536,2,34,3
2536,3,65,2
2537,1,22,1
2537,2,74,3
2537,3,85,1
2538,1,1,3
2538,2,9,3
2538,3,33,1
2538,4,54,3
2538,5,61,2
2538,6,70,2
2538,7,85,3
2538,8,88,2
2539,1,13,3
2539,2,18,2
2539,3,40,3
2539,4,51,3
2540,1,0,2
2540,2,28,1
2540,3,54,2
2541,1,31,3
2541,2,61,2
2541,3,84,1
2541,4,95,2
2542,1,8,2
2542,2,12,2
2542,3,25,2
2542,4,41,1
2542,5,59,1
2542,6,63,3
2542,7,80,2
2543,1,14,1
2543,2,24,2
2543,3,25,2
2543,4,88,1
2544,1,38,2
2544,2,64,3
2544,3,90,3
2544,4,93,3
2545,1,22,2
2545,2,32,3
2545,3,86,3
2546,1,10,1
2546,2,12,1
2546,3,32,1
2546,4,77,3
2546,5,84,2
2547,1,0,2
2547,2,10,2
2547,3,25,1
2547,4,37,3
2547,5,71,2
2547,6,82,1
2548,1,30,1
2548,2,46,2
2548,3,63,1
2548,4,76,3
2548,5,96,3
2549,1,32,2
2549,2,40,1
2549,3,66,3
2549,4,84,3
2550,1,1,2
2550,2,39,1
2550,3,76,1
2550,4,79,2
2551,1,8,1
2551,2,11,2
2551,3,23,3
2551,4,68,3
2551,5,90,1
2551,6,91,3
2552,1,31,3
2552,2,35,1
2552,3,37,1
2553,1,66,1
2553,2,85,1
2554,1,43,2
2554,2,67,3
2554,3,88,2
2554,4,95,2
2555,1,49,2
2555,2,60,1
2555,3,68,1
2555,4,92,1
2556,1,38,3
2556,2,87,3
2556,3,95,1
2556,4,96,3
2557,1,16,2
2557,2,55,3
2557,3,61,1
2557,4,68,1
2558,1,68,1
2559,1,17,3
2559,2,22,2
2559,3,40,3
2560,1,4,1
2560,2,55,1
2560,3,56,1
2560,4,61,3
2560,5,82,1
2561,1,1,2
2561,2,49,1
2561,3,61,2
2561,4,79,1
2561,5,88,3
2561,6,91,3
2562,1,53,1
2562,2,76,2
2562,3,87,1
2563,1,19,1
2563,2,29,1
2563,3,36,2
2563,4,54,3
2564,1,1,1
2564,2,10,1
2564,3,30,2
2564,4,69,2
2564,5,78,2
2565,1,28,3
2565,2,46,2
2565,3,98,2
2566,1,15,1
2566,2,45,3
2566,3,64,1
2567,1,9,2
2567,2,44,2
2567,3,70,1
2567,4,85,2
2568,1,20,1
2568,2,54,1
2568,3,64,3
2568,4,81,2
2568,5,95,3
2568,6,99,2
2569,1,17,3
2569,2,45,1
2569,3,58,1
2569,4,74,3
2569,5,99,2
2570,1,81,1
2570,2,86,2
2571,1,19,3
2571,2,55,2
2571,3,79,1
2571,4,91,3
2572,1,1,1
2572,2,12,2
2572,3,32,2
2572,4,84,3
2573,1,16,3
2573,2,20,1
2573,3,73,1
2574,1,10,1
2574,2,16,1
2574,3,52,2
2574,4,53,1
2574,5,64,1
2575,1,14,2
2575,2,61,2
2575,3,89,3
2576,1,99,3
2577,1,0,2
2578,1,89,1
2578,2,95,2
2579,1,20,2
2579,2,91,2
2580,1,32,2
2580,2,52,2
2580,3,53,3
2580,4,62,2
2580,5,71,2
2581,1,3,3
2581,2,13,1
2581,3,16,1
2581,4,19,1
2581,5,54,2
2581,6,76,3
2582,1,1,1
2582,2,5,2
2582,3,18,3
2582,4,27,2
2582,5,70,1
2582,6,80,1
2583,1,29,2
2583,2,37,1
2583,3,41,3
2583,4,44,3
2583,5,95,1
2583,6,96,3
2584,1,82,3
2584,2,92,2
2585,1,30,3
2585,2,56,3
2585,3,93,2
2586,1,37,3
2586,2,63,1
2586,3,74,2
2587,1,45,1
2587,2,64,2
2587,3,75,2
2587,4,94,1
2588,1,54,2
2588,2,58,3
2589,1,57,3
2590,1,38,1
2590,2,95,2
2591,1,1,2
2591,2,13,3
2591,3,37,3
2591,4,55,2
2591,5,93,2
2591,6,95,2
2592,1,13,1
2592,2,91,1
2593,1,5,3
2593,2,27,1
2593,3,38,2
2593,4,47,1
2593,5,48,3
2593,6,50,1
2593,7,84,1
2594,1,27,3
2594,2,53,1
2594,3,72,3
2594,4,76,3
2594,5,93,3
2595,1,13,1
2595,2,33,1
2595,3,90,2
2596,1,32,1
2596,2,72,2
2596,3,74,2
2596,4,95,3
2597,1,9,1
2597,2,26,1
2597,3,55,3
2597,4,74,3
2597,5,75,3
2597,6,95,3
2598,1,15,1
2598,2,37,3
2598,3,60,2
2599,1,20,1
2599,2,47,2
2599,3,68,1
2600,1,2,2
2600,2,43,2
2600,3,75,1
2600,4,87,3
2601,1,11,2
2601,2,34,3
2601,3,91,1
2601,4,92,1
2602,1,14,3
2602,2,23,3
2602,3,47,3
2602,4,90,1
2602,5,92,1
2602,6,93,1
2603,1,20,1
2603,2,22,1
2603,3,66,3
2603,4,76,3
2603,5,87,1
2603,6,92,3
2604,1,12,2
2604,2,40,1
2605,1,74,2
2606,1,52,1
2606,2,76,1
2606,3,84,2
2607,1,26,2
2607,2,41,2
2607,3,48,1
2607,4,96,1
2608,1,17,1
2608,2,21,2
2608,3,37,3
2608,4,59,3
2609,1,3,3
2609,2,12,2
2609,3,50,2
2609,4,73,3
2610,1,1,1
2610,2,12,1
2610,3,21,3
2610,4,58,1
2610,5,70,3
2610,6,95,1
2611,1,35,1
2611,2,44,2
2611,3,47,3
2612,1,15,3
2612,2,33,2
2612,3,42,3
2612,4,75,2
2613,1,31,3
2613,2,60,2
2613,3,65,3
2613,4,82,3
2613,5,95,2
2614,1,13,2
2614,2,14,1
2614,3,61,3
2614,4,72,3
2614,5,87,1
2615,1,27,3
2615,2,89,1
2616,1,46,3
2616,2,56,3
2616,3,67,3
2616,4,69,1
2617,1,3,1
2617,2,80,2
2617,3,88,3
2618,1,41,2
2618,2,62,3
2618,3,77,2
2619,1,15,2
2619,2,35,1
2619,3,56,3
2619,4,92,1
2620,1,31,2
2620,2,99,3
2621,1,22,3
2621,2,38,1
2621,3,67,3
2621,4,96,2
2622,1,9,3
2622,2,54,1
2622,3,82,3
2622,4,95,1
2623,1,21,1
2623,2,23,3
2623,3,42,3
2623,4,81,1
2624,1,33,1
2624,2,56,2
2624,3,59,3
2624,4,63,2
2625,1,45,2
2625,2,47,1
2626,1,5,3
2626,2,80,3
2627,1,30,3
2627,2,32,2
2627,3,64,3
2627,4,72,3
2628,1,4,1
2628,2,26,1
2629,1,80,1
2630,1,7,2
2630,2,22,1
2630,3,46,2
2630,4,65,1
2630,5,76,2
2630,6,95,3
2631,1,10,2
2631,2,16,1
2631,3,29,1
2631,4,46,3
2631,5,47,3
2632,1,11,2
2632,2,12,2
2632,3,41,1
2632,4,60,1
2632,5,92,1
2633,1,10,3
2633,2,18,2
2633,3,37,2
2633,4,38,3
2633,5,73,1
2633,6,77,2
2634,1,10,3
2634,2,16,3
2634,3,46,3
2634,4,53,1
2635,1,74,1
2636,1,15,1
2636,2,25,1
2636,3,49,2
2636,4,99,3
2637,1,1,2
2637,2,35,2
2637,3,75,2
2637,4,87,1
2638,1,15,3
2638,2,73,3
2638,3,89,1
2639,1,27,1
2639,2,69,1
2640,1,20,2
2640,2,33,2
2640,3,91,2
2641,1,2,3
2641,2,62,1
2641,3,79,2
2641,4,91,2
2641,5,95,3
2642,1,46,3
2642,2,54,3
2642,3,56,3
2642,4,78,3
2643,1,68,1
2643,2,70,1
2643,3,86,2
2643,4,99,2
2644,1,49,2
2644,2,60,1
2644,3,65,1
2644,4,83,3
2645,1,8,3
2645,2,62,1
2645,3,70,2
2645,4,97,1
2646,1,63,1
2646,2,74,1
2646,3,83,2
2647,1,19,3
2647,2,26,3
2647,3,30,1
2648,1,26,2
2648,2,43,1
2648,3,62,3
2648,4,75,1
2648,5,93,3
2649,1,3,1
2649,2,34,1
2649,3,74,3
2650,1,22,3
2650,2,44,3
2650,3,86,3
2650,4,91,2
2651,1,40,1
2651,2,54,1
2651,3,71,3
2651,4,99,1
2652,1,8,2
2652,2,32,3
2652,3,66,1
2652,4,94,2
2653,1,13,3
2653,2,30,2
2653,3,37,2
2653,4,45,3
2653,5,57,1
2653,6,68,2
2654,1,28,2
2654,2,54,3
2654,3,81,3
2655,1,65,2
2655,2,75,3
2656,1,9,1
2656,2,40,1
2656,3,50,1
2656,4,57,3
2656,5,68,1
2656,6,74,2
2656,7,76,2
2657,1,53,1
2657,2,68,1
2657,3,78,2
2658,1,17,3
2658,2,33,1
2658,3,46,3
2658,4,47,3
2658,5,69,2
2658,6,78,2
2659,1,15,1
2659,2,39,2
2659,3,47,2
2659,4,72,1
2660,1,19,2
2660,2,68,2
2660,3,69,3
2660,4,99,1
2661,1,7,1
2661,2,70,1
2661,3,93,3
2661,4,95,1
2662,1,1,2
2662,2,2,1
2662,3,92,2
2663,1,19,3
2663,2,26,2
2663,3,51,3
2663,4,69,3
2663,5,80,1
2663,6,89,3
2664,1,53,3
2664,2,67,1
2664,3,92,2
2665,1,62,2
2665,2,77,2
2665,3,83,3
2666,1,39,2
2666,2,66,2
2667,1,20,2
2667,2,34,3
2667,3,69,2
2667,4,91,2
2668,1,5,1
2668,2,11,3
2668,3,18,3
2668,4,22,2
2668,5,44,3
2669,1,5,2
2669,2,33,2
2669,3,65,2
2669,4,96,2
2670,1,6,3
2670,2,31,3
2670,3,57,1
2670,4,82,3
2670,5,99,2
2671,1,17,1
2671,2,18,2
2671,3,43,1
2671,4,52,1
2672,1,38,2
2672,2,40,2
2672,3,45,2
2672,4,52,3
2673,1,31,1
2673,2,67,3
2673,3,93,1
2674,1,12,1
2674,2,33,3
2674,3,69,3
2674,4,90,3
2675,1,6,2
2675,2,31,3
2675,3,47,3
2675,4,63,2
2675,5,64,3
2676,1,10,3
2676,2,30,1
2676,3,77,2
2676,4,90,1
2677,1,25,3
2677,2,44,1
2677,3,59,3
2677,4,80,1
2677,5,88,2
2678,1,11,1
2678,2,24,2
2678,3,57,3
2678,4,87,3
2679,1,17,2
2679,2,25,2
2679,3,30,1
2679,4,33,2
2679,5,46,2
2679,6,98,1
2680,1,30,1
2680,2,31,2
2680,3,61,2
2680,4,78,2
2681,1,75,1
2681,2,93,1
2682,1,32,2
2682,2,54,2
2682,3,56,1
2682,4,72,3
2682,5,75,3
2682,6,93,1
2683,1,37,2
2683,2,49,1
2683,3,62,1
2683,4,67,1
2684,1,9,1
2685,1,98,1
2686,1,19,3
2686,2,33,3
2686,3,54,1
2686,4,65,3
2687,1,18,2
2687,2,84,3
2687,3,91,1
2687,4,92,2
2687,5,96,3
2688,1,4,1
2688,2,46,2
2688,3,57,1
2689,1,7,1
2689,2,31,3
2689,3,59,3
2690,1,63,1
2690,2,80,3
2691,1,3,2
2691,2,16,1
2691,3,20,3
2691,4,81,2
2692,1,31,1
2692,2,65,1
2692,3,66,3
2692,4,76,3
2692,5,93,1
2693,1,65,1
2693,2,77,2
2693,3,82,1
2694,1,39,1
2694,2,42,1
2694,3,59,1
2694,4,61,3
2694,5,70,1
2694,6,84,1
2694,7,87,3
2695,1,0,2
2695,2,10,3
2695,3,29,3
2695,4,43,2
2695,5,81,1
2696,1,46,2
2696,2,50,3
2696,3,75,2
2697,1,34,3
2697,2,55,3
2697,3,73,2
2698,1,20,2
2698,2,44,3
2698,3,64,1
2698,4,70,3
2698,5,99,3
2699,1,11,3
2699,2,26,1
2699,3,60,3
2699,4,83,3
2699,5,89,2
2699,6,92,1
2699,7,94,2
2700,1,32,2
2700,2,71,2
2700,3,86,2
2700,4,91,3
2700,5,99,2
2701,1,23,3
2701,2,60,3
2701,3,97,1
2702,1,31,2
2702,2,34,2
2702,3,50,3
2702,4,62,1
2702,5,65,3
2702,6,87,2
2702,7,90,1
2703,1,57,2
2703,2,79,2
2703,3,87,1
2704,1,15,1
2704,2,76,1
2704,3,96,1
2705,1,6,3
2705,2,22,2
2705,3,31,3
2705,4,68,1
2705,5,73,3
2706,1,47,3
2706,2,51,3
2706,3,55,2
2706,4,71,2
2706,5,90,3
2707,1,7,1
2707,2,22,2
2707,3,57,2
2707,4,67,1
2708,1,0,3
2708,2,96,2
2709,1,29,1
2709,2,42,1
2709,3,80,2
2709,4,97,1
2710,1,7,1
2710,2,30,1
2710,3,59,1
2710,4,75,1
2711,1,29,1
2712,1,29,2
2712,2,33,1
2712,3,57,1
2712,4,72,1
2712,5,73,1
2713,1,8,1
2713,2,34,2
2713,3,52,3
2713,4,76,2
2713,5,93,1
2714,1,67,1
2714,2,82,3
2715,1,30,2
2715,2,54,2
2715,3,67,1
2715,4,76,2
2716,1,11,2
2716,2,35,1
2716,3,37,1
2716,4,89,3
2716,5,91,3
2717,1,29,2
2717,2,49,1
2717,3,61,2
2717,4,70,2
2718,1,20,1
2719,1,77,2
2719,2,88,3
2720,1,22,1
2720,2,26,1
2720,3,52,1
2720,4,67,1
2720,5,81,3
2721,1,31,1
2721,2,52,1
2722,1,14,3
2723,1,4,2
2723,2,54,1
2723,3,69,2
2723,4,94,2
2724,1,31,2
2724,2,66,1
2724,3,95,2
2725,1,15,1
2725,2,25,3
2725,3,61,2
2725,4,97,2
2726,1,19,2
2726,2,20,1
2726,3,31,2
2726,4,90,3
2727,1,9,1
2727,2,36,2
2727,3,64,2
2727,4,72,2
2728,1,53,1
2728,2,70,1
2728,3,86,3
2729,1,44,3
2729,2,86,3
2730,1,56,1
2730,2,69,2
2731,1,21,2
2731,2,25,1
2731,3,63,2
2731,4,68,3
2731,5,95,1
2732,1,70,3
2732,2,76,2
2732,3,99,3
2733,1,52,1
2733,2,62,3
2733,3,93,2
2734,1,5,2
2734,2,23,1
2734,3,61,1
2734,4,66,3
2734,5,92,3
2735,1,10,1
2735,2,19,2
2735,3,72,1
2735,4,75,2
2735,5,83,1
2736,1,14,3
2737,1,25,2
2737,2,36,2
2737,3,48,2
2737,4,57,3
2737,5,70,2
2737,6,99,1
2738,1,31,2
2738,2,67,2
2738,3,69,2
2738,4,97,1
2739,1,56,3
2740,1,1,3
2740,2,36,2
2740,3,50,2
2741,1,27,3
2741,2,78,3
2742,1,2,3
2742,2,10,2
2742,3,27,2
2743,1,14,1
2743,2,24,2
2743,3,28,1
2743,4,32,2
2743,5,79,3
2743,6,97,1
2744,1,3,1
2744,2,10,3
2744,3,31,1
2744,4,50,2
2744,5,70,2
2744,6,93,2
2745,1,8,2
2745,2,17,1
2745,3,65,1
2745,4,97,1
2746,1,38,1
2746,2,82,3
2746,3,99,1
2747,1,7,2
2747,2,17,3
2747,3,77,1
2748,1,14,2
2748,2,34,2
2748,3,46,2
2748,4,56,3
2748,5,66,1
2748,6,68,3
2748,7,83,2
2748,8,91,1
2749,1,20,2
2749,2,47,1
2749,3,60,1
2749,4,70,3
2749,5,92,3
2750,1,26,2
2750,2,48,3
2750,3,78,3
2751,1,23,2
2751,2,45,2
2751,3,94,3
2752,1,31,1
2752,2,32,3
2752,3,37,3
2752,4,64,3
2752,5,87,1
2752,6,93,3
2753,1,28,1
2753,2,96,3
2754,1,1,1
2754,2,25,1
2754,3,51,3
2754,4,60,3
2755,1,20,2
2755,2,77,3
2756,1,44,2
2756,2,49,3
2756,3,70,2
2756,4,98,2
2757,1,16,1
2757,2,80,3
2758,1,26,3
2758,2,38,1
2758,3,90,1
2758,4,93,1
2759,1,60,1
2759,2,83,1
2760,1,10,2
2760,2,14,1
2760,3,64,2
2761,1,38,1
2761,2,78,3
2761,3,96,3
2761,4,97,3
2762,1,11,2
2762,2,32,1
2762,3,52,2
2762,4,76,1
2763,1,6,1
2763,2,46,2
2764,1,9,1
2764,2,26,1
2764,3,56,3
2764,4,86,3
2765,1,85,2
2765,2,98,1
2766,1,31,2
2766,2,33,3
2766,3,52,1
2766,4,53,2
2767,1,28,2
2767,2,33,3
2767,3,56,1
2767,4,57,1
2767,5,75,3
2767,6,97,1
2768,1,4,3
2768,2,19,1
2768,3,52,3
2768,4,76,2
2769,1,23,1
2769,2,24,1
2769,3,60,3
2769,4,66,3
2769,5,94,2
2770,1,30,1
2770,2,69,3
2770,3,80,1
2771,1,5,2
2771,2,17,2
2771,3,19,1
2771,4,59,2
2772,1,2,3
2772,2,33,1
2773,1,2,1
2773,2,56,1
2773,3,75,2
2773,4,93,2
2774,1,66,1
2774,2,91,2
2775,1,5,1
2775,2,26,1
2775,3,69,1
2776,1,44,3
2776,2,45,3
2776,3,70,1
2776,4,82,2
2776,5,86,1
2777,1,8,3
2777,2,23,1
2777,3,29,2
2778,1,4,1
2778,2,26,2
2779,1,17,1
2779,2,52,1
2779,3,93,1
2780,1,55,3
2780,2,91,2
2781,1,10,2
2781,2,16,1
2781,3,20,2
2781,4,48,1
2781,5,93,1
2782,1,1,3
2782,2,13,1
2782,3,41,2
2782,4,50,1
2782,5,58,2
2782,6,81,1
2782,7,97,1
2783,1,16,1
2783,2,80,3
2783,3,90,2
2784,1,39,3
2784,2,77,2
2784,3,97,1
2785,1,27,1
2785,2,80,2
2786,1,0,1
2786,2,7,1
2786,3,33,2
2786,4,42,2
2787,1,31,3
2787,2,44,1
2788,1,6,2
2788,2,22,3
2788,3,42,1
2788,4,56,3
2789,1,20,1
2789,2,41,2
2789,3,82,2
2790,1,36,2
2790,2,56,3
2790,3,64,2
2790,4,83,2
2790,5,92,1
2791,1,5,2
2791,2,17,1
2791,3,43,2
2791,4,82,3
2791,5,99,2
2792,1,22,1
2792,2,75,1
2793,1,3,1
2793,2,45,2
2793,3,61,2
2793,4,83,1
2794,1,7,2
2794,2,34,1
2794,3,53,3
2794,4,55,2
2794,5,80,2
2795,1,35,1
2795,2,76,1
2795,3,89,3
2796,1,20,1
2796,2,54,1
2796,3,77,3
2796,4,87,3
2796,5,93,1
2797,1,73,2
2797,2,79,3
2797,3,82,1
2798,1,27,1
2798,2,64,1
2798,3,87,1
2798,4,98,3
2799,1,37,2
2799,2,89,3
2799,3,94,1
2799,4,96,1
2800,1,6,2
2800,2,10,3
2800,3,32,2
2800,4,59,3
2800,5,91,2
2801,1,18,2
2801,2,25,3
2801,3,68,3
2802,1,17,2
2802,2,19,2
2802,3,22,1
2802,4,85,2
2803,1,5,1
2803,2,24,3
2803,3,68,1
2804,1,13,2
2804,2,14,3
2804,3,17,2
2804,4,70,1
2804,5,85,3
2805,1,0,1
2805,2,41,1
2805,3,58,3
2805,4,68,3
2806,1,7,2
2806,2,27,2
2806,3,50,2
2806,4,60,1
2806,5,93,1
2806,6,95,2
2807,1,34,1
2807,2,43,1
2807,3,49,1
2807,4,52,2
2807,5,80,3
2808,1,31,3
2808,2,80,1
2808,3,87,2
2809,1,15,2
2809,2,59,1
2809,3,82,1
2809,4,85,3
2810,1,36,3
2810,2,37,1
2810,3,42,1
2810,4,64,3
2810,5,68,3
2810,6,73,2
2810,7,89,2
2811,1,34,1
2811,2,36,1
2811,3,47,3
2812,1,10,1
2812,2,25,3
2812,3,53,1
2812,4,64,1
2813,1,3,1
2813,2,16,3
2813,3,74,2
2813,4,75,3
2814,1,34,3
2814,2,43,3
2814,3,57,3
2814,4,75,1
2814,5,79,1
2815,1,22,1
2815,2,44,3
2815,3,51,3
2815,4,89,2
2815,5,99,3
2816,1,5,1
2816,2,31,1
2816,3,40,2
2816,4,61,3
2816,5,67,1
2816,6,84,1
2816,7,95,1
2817,1,42,3
2817,2,45,2
2817,3,50,3
2817,4,90,1
2818,1,20,2
2818,2,43,3
2818,3,75,1
2819,1,10,3
2819,2,22,1
2819,3,53,3
2819,4,54,3
2819,5,75,3
2819,6,78,1
2820,1,1,2
2820,2,44,2
2820,3,61,2
2820,4,85,2
2820,5,88,2
2821,1,41,3
2821,2,47,2
2821,3,49,3
2821,4,61,1
2822,1,10,3
2822,2,43,3
2822,3,73,2
2823,1,25,1
2823,2,26,3
2823,3,40,1
2823,4,54,2
2823,5,59,2
2823,6,69,3
2824,1,25,2
2824,2,46,3
2824,3,53,3
2825,1,9,1
2825,2,12,1
2825,3,44,1
2825,4,48,3
2825,5,61,3
2825,6,85,3
2826,1,40,1
2826,2,45,3
2826,3,68,2
2826,4,69,1
2826,5,71,3
2826,6,87,3
2827,1,43,1
2827,2,51,1
2827,3,57,1
2827,4,73,2
2827,5,80,3
2828,1,4,1
2828,2,9,1
2828,3,57,3
2829,1,21,3
2829,2,48,1
2829,3,77,3
2830,1,26,1
2830,2,54,3
2830,3,61,1
2830,4,70,3
2830,5,72,1
2830,6,78,3
2830,7,80,2
2830,8,81,1
2831,1,34,2
2831,2,74,3
2831,3,75,3
2832,1,41,2
2832,2,82,1
2832,3,91,3
2833,1,18,3
2833,2,66,3
2833,3,71,1
2833,4,82,2
2834,1,11,3
2834,2,85,1
2834,3,99,2
2835,1,1,1
2835,2,17,2
2835,3,85,2
2836,1,8,1
2837,1,23,2
2837,2,35,3
2837,3,59,1
2837,4,75,2
2838,1,3,1
2838,2,38,1
2838,3,49,3
2838,4,54,1
2838,5,93,1
2838,6,99,2
2839,1,39,3
2839,2,41,3
2839,3,60,2
2839,4,90,3
2840,1,6,2
2840,2,35,2
2840,3,68,1
2840,4,75,1
2840,5,99,2
2841,1,22,3
2841,2,43,1
2841,3,65,1
2841,4,67,1
2842,1,1,1
2842,2,33,2
2843,1,0,2
2843,2,21,1
2844,1,5,3
2844,2,19,3
2844,3,60,3
2844,4,87,1
2844,5,94,3
2845,1,74,2
2845,2,82,2
2845,3,99,2
2846,1,15,2
2846,2,31,2
2846,3,89,1
2846,4,95,3
2847,1,1,2
2847,2,37,1
2847,3,77,1
2848,1,1,3
2848,2,26,3
2848,3,28,1
2848,4,46,2
2848,5,75,2
2848,6,89,2
2849,1,31,2
2849,2,54,3
2849,3,56,1
2849,4,77,2
2850,1,86,2
2850,2,91,3
2851,1,39,3
2851,2,46,2
2852,1,6,2
2852,2,10,1
2852,3,22,1
2852,4,39,3
2852,5,40,1
2852,6,86,2
2853,1,31,2
2853,2,36,1
2853,3,56,1
2854,1,1,2
2854,2,89,1
2854,3,95,3
2855,1,1,3
2855,2,9,3
2855,3,10,3
2855,4,19,1
2855,5,46,3
2856,1,28,3
2857,1,9,2
2857,2,36,1
2857,3,40,3
2857,4,46,3
2857,5,54,3
2857,6,61,2
2858,1,39,2
2858,2,58,1
2858,3,66,1
2858,4,79,1
2858,5,95,3
2859,1,6,2
2859,2,27,3
2859,3,62,1
2859,4,87,1
2859,5,95,2
2860,1,39,1
2860,2,49,3
2860,3,74,2
2861,1,7,1
2861,2,29,3
2861,3,42,2
2861,4,56,2
2861,5,76,3
2862,1,10,1
2862,2,11,2
2862,3,80,3
2862,4,99,2
2863,1,34,3
2863,2,53,2
2863,3,77,3
2863,4,95,1
2864,1,15,2
2864,2,74,3
2865,1,20,3
2865,2,28,2
2865,3,69,2
2866,1,16,2
2866,2,33,3
2866,3,41,3
2866,4,82,3
2866,5,98,3
2867,1,51,3
2867,2,95,1
2867,3,96,3
2868,1,10,2
2869,1,23,1
2869,2,75,2
2869,3,76,1
2869,4,90,3
2869,5,92,2
2870,1,9,2
2870,2,27,1
2870,3,60,2
2870,4,75,2
2870,5,89,2
2871,1,2,1
2871,2,44,1
2871,3,95,1
2872,1,32,3
2872,2,38,3
2872,3,54,3
2872,4,57,2
2872,5,91,3
2873,1,4,2
2873,2,26,3
2873,3,30,3
2873,4,62,2
2874,1,4,1
2874,2,40,2
2874,3,86,3
2875,1,4,1
2875,2,70,1
2875,3,76,2
2875,4,84,2
2875,5,93,1
2876,1,36,1
2876,2,50,2
2876,3,55,1
2876,4,66,2
2876,5,89,3
2876,6,94,2
2877,1,11,3
2877,2,25,2
2877,3,39,1
2877,4,58,3
2877,5,91,2
2878,1,19,1
2878,2,46,3
2878,3,64,1
2879,1,0,2
2879,2,6,3
2879,3,17,3
2880,1,27,2
2880,2,60,3
2880,3,80,3
2881,1,18,3
2881,2,31,1
2881,3,46,3
2882,1,29,1
2882,2,92,1
2882,3,96,2
2883,1,8,1
2883,2,29,2
2883,3,32,3
2883,4,52,2
2883,5,78,3
2884,1,32,1
2884,2,50,2
2884,3,74,1
2884,4,77,3
2884,5,79,1
2884,6,84,2
2885,1,20,2
2885,2,29,1
2885,3,56,1
2885,4,75,2
2885,5,90,2
2886,1,3,3
2886,2,22,1
2886,3,25,1
2886,4,46,3
2887,1,17,1
2887,2,55,2
2887,3,68,3
2887,4,78,3
2887,5,85,2
2888,1,65,3
2888,2,69,3
2888,3,84,3
2889,1,55,1
2889,2,70,1
2889,3,73,2
2889,4,99,2
2890,1,13,1
2890,2,22,2
2890,3,24,3
2891,1,4,3
2891,2,7,2
2891,3,55,1
2891,4,88,2
2892,1,1,1
2892,2,25,3
2892,3,34,3
2892,4,49,3
2892,5,58,2
2892,6,95,2
2893,1,52,1
2894,1,8,1
2894,2,68,3
2894,3,77,3
2895,1,20,1
2895,2,46,2
2895,3,72,1
2896,1,2,1
2896,2,7,3
2896,3,14,3
2896,4,15,2
2896,5,48,2
2896,6,49,1
2896,7,69,3
2896,8,85,3
2896,9,98,1
2897,1,46,1
2897,2,69,3
2897,3,76,3
2897,4,77,2
2897,5,93,1
2897,6,95,3
2898,1,5,1
2898,2,23,3
2898,3,75,1
2899,1,14,3
2899,2,15,3
2899,3,24,1
2899,4,44,2
2899,5,70,1
2899,6,74,3
2900,1,23,1
2900,2,43,3
2900,3,52,3
2900,4,91,1
2900,5,93,3
2901,1,10,2
2901,2,22,2
2901,3,35,3
2901,4,36,3
2902,1,0,1
2902,2,29,1
2902,3,36,3
2902,4,37,1
2902,5,83,2
2903,1,61,1
2903,2,62,3
2903,3,83,3
2903,4,93,3
2904,1,13,3
2904,2,27,2
2904,3,37,3
2904,4,89,3
2905,1,9,1
2906,1,25,2
2906,2,30,2
2906,3,38,3
2906,4,59,1
2906,5,71,1
2906,6,75,2
2906,7,78,2
2907,1,24,1
2907,2,57,3
2907,3,98,1
2908,1,22,1
2908,2,23,1
2908,3,44,1
2908,4,58,1
2909,1,1,3
2909,2,51,2
2909,3,54,2
2909,4,69,1
2909,5,77,2
2909,6,91,1
2910,1,6,3
2910,2,33,1
2911,1,1,1
2911,2,2,2
2911,3,12,2
2911,4,59,1
2911,5,99,2
2912,1,13,1
2912,2,70,3
2912,3,99,1
2913,1,42,1
2913,2,44,2
2913,3,98,2
2914,1,9,1
2914,2,15,1
2914,3,25,2
2914,4,34,1
2914,5,35,2
2914,6,71,3
2915,1,1,2
2915,2,44,3
2915,3,61,2
2915,4,69,1
2915,5,74,1
2915,6,87,3
2916,1,5,3
2916,2,18,3
2916,3,36,1
2916,4,66,1
2916,5,72,2
2917,1,59,3
2917,2,76,3
2917,3,77,2
2917,4,93,1
2918,1,35,1
2918,2,44,1
2918,3,62,1
2918,4,74,2
2919,1,31,3
2919,2,42,1
2919,3,70,2
2920,1,13,3
2920,2,48,1
2920,3,78,1
2920,4,85,3
2921,1,1,2
2921,2,41,3
2921,3,49,1
2921,4,59,1
2922,1,7,2
2922,2,48,2
2922,3,64,3
2922,4,74,3
2922,5,88,1
2923,1,16,3
2923,2,20,1
2923,3,55,1
2923,4,59,1
2923,5,72,3
2923,6,78,3
2924,1,5,3
2924,2,27,1
2924,3,45,1
2924,4,63,1
2925,1,34,1
2925,2,60,1
2925,3,95,1
2926,1,25,2
2926,2,42,1
2926,3,61,3
2926,4,80,2
2927,1,30,1
2927,2,33,3
2928,1,24,1
2928,2,52,3
2928,3,65,1
2928,4,67,1
2928,5,95,1
2929,1,51,3
2929,2,79,3
2929,3,90,3
2930,1,20,3
2930,2,39,3
2930,3,54,2
2930,4,66,2
2930,5,94,1
2931,1,11,3
2931,2,18,2
2931,3,25,1
2931,4,37,3
2932,1,22,2
2932,2,44,2
2932,3,70,1
2932,4,92,1
2933,1,11,3
2933,2,13,1
2933,3,31,1
2933,4,83,3
2934,1,17,1
2934,2,18,2
2935,1,2,1
2935,2,18,3
2935,3,23,3
2935,4,42,2
2936,1,1,3
2936,2,40,1
2936,3,43,1
2936,4,62,2
2936,5,77,3
2937,1,13,1
2937,2,32,3
2937,3,59,2
2937,4,71,3
2937,5,82,2
2937,6,86,2
2937,7,99,1
2938,1,26,1
2938,2,34,2
2938,3,49,1
2938,4,58,3
2938,5,80,2
2939,1,22,3
2939,2,48,3
2940,1,40,2
2940,2,51,2
2940,3,52,3
2940,4,68,2
2940,5,99,2
2941,1,20,1
2941,2,21,2
2941,3,65,3
2942,1,38,3
2942,2,39,2
2942,3,49,1
2943,1,36,2
2943,2,89,3
2943,3,95,2
2943,4,99,2
2944,1,3,2
2944,2,28,2
2944,3,75,2
2945,1,17,3
2945,2,59,2
2945,3,70,2
2945,4,94,2
2946,1,10,3
2946,2,28,2
2946,3,30,1
2946,4,33,3
2947,1,6,3
2947,2,59,1
2947,3,73,1
2947,4,99,3
2948,1,77,3
2948,2,87,2
2948,3,95,1
2949,1,12,2
2949,2,39,2
2949,3,89,3
2950,1,2,3
2950,2,6,2
2950,3,18,1
2950,4,43,3
2950,5,93,1
2950,6,95,3
2951,1,38,3
2952,1,20,2
2953,1,5,3
2953,2,12,2
2953,3,23,1
2953,4,27,2
2954,1,23,3
2954,2,66,2
2954,3,91,3
2955,1,20,3
2955,2,26,1
2955,3,54,2
2955,4,75,2
2955,5,92,1
2956,1,13,1
2956,2,65,3
2957,1,21,2
2957,2,52,1
2957,3,81,2
2957,4,90,3
2957,5,96,2
2958,1,18,3
2958,2,43,1
2958,3,49,2
2958,4,58,1
2958,5,65,3
2958,6,82,1
2959,1,3,3
2959,2,20,2
2959,3,22,3
2959,4,54,1
2959,5,87,2
2960,1,2,3
2960,2,25,3
2960,3,52,3
2960,4,59,1
2960,5,69,1
2960,6,93,2
2961,1,31,1
2961,2,76,2
2961,3,89,1
2962,1,20,1
2962,2,24,1
2962,3,44,3
2962,4,69,3
2963,1,10,1
2963,2,30,3
2963,3,78,1
2964,1,27,3
2964,2,37,1
2964,3,68,1
2964,4,80,2
2965,1,16,3
2965,2,17,3
2965,3,35,1
2965,4,69,3
2966,1,25,3
2966,2,96,3
2967,1,16,3
2967,2,19,3
2967,3,78,3
2968,1,66,2
2969,1,3,2
2969,2,7,1
2969,3,15,2
2969,4,29,1
2969,5,44,1
2969,6,54,2
2969,7,67,3
2970,1,11,3
2970,2,42,2
2970,3,91,3
2970,4,94,1
2971,1,23,2
2971,2,71,3
2971,3,99,3
2972,1,34,3
2972,2,37,1
2972,3,41,3
2972,4,91,2
2972,5,93,1
2973,1,5,3
2973,2,28,2
2973,3,51,3
2973,4,80,1
2973,5,99,2
2974,1,1,2
2974,2,2,2
2974,3,7,3
2974,4,74,2
2974,5,99,1
2975,1,31,3
2975,2,34,1
2975,3,38,2
2975,4,52,1
2975,5,76,1
2976,1,17,2
2976,2,65,2
2976,3,77,2
2976,4,94,1
2977,1,9,1
2977,2,27,1
2977,3,61,2
2977,4,73,1
2978,1,18,1
2978,2,39,2
2979,1,9,3
2979,2,30,1
2979,3,32,2
2979,4,73,2
2979,5,77,3
2980,1,20,1
2980,2,26,3
2980,3,33,3
2980,4,72,1
2980,5,80,3
2980,6,90,1
2981,1,78,3
2981,2,81,3
2981,3,91,2
2982,1,9,3
2982,2,12,3
2982,3,37,2
2982,4,39,2
2982,5,49,2
2982,6,95,3
2983,1,7,2
2983,2,13,3
2983,3,17,2
2983,4,44,3
2983,5,45,3
2984,1,3,3
2984,2,15,1
2984,3,53,3
2984,4,81,1
2985,1,27,3
2985,2,42,2
2985,3,71,3
2986,1,35,1
2986,2,97,2
2987,1,33,1
2987,2,86,3
2988,1,10,2
2988,2,69,1
2988,3,90,1
2989,1,0,3
2989,2,22,1
2989,3,32,1
2990,1,44,1
2990,2,87,2
2991,1,54,3
2991,2,56,2
2991,3,80,2
2991,4,88,2
2992,1,4,3
2992,2,13,2
2992,3,29,2
2992,4,87,1
2992,5,91,3
2993,1,32,1
2993,2,41,3
2993,3,84,3
2994,1,2,2
2994,2,69,1
2994,3,76,3
2994,4,99,3
2995,1,40,1
2996,1,13,2
2996,2,24,2
2996,3,25,1
2996,4,97,2
2997,1,46,1
2997,2,71,1
2997,3,76,1
2997,4,79,2
2997,5,91,1
2998,1,5,1
2998,2,13,3
2998,3,32,3
2998,4,87,3
2999,1,50,1
2999,2,70,1
3000,1,10,1
3000,2,61,2
3000,3,86,1
3001,1,34,3
3001,2,54,1
3001,3,75,1
3001,4,78,2
3002,1,4,2
3002,2,8,1
3002,3,10,1
3002,4,46,2
3002,5,62,1
3002,6,81,1
3003,1,19,3
3003,2,33,3
3003,3,69,2
3004,1,70,3
3005,1,25,3
3005,2,87,2
3006,1,30,2
3006,2,66,2
3006,3,68,1
3006,4,71,2
3007,1,37,2
3007,2,48,2
3007,3,83,2
3007,4,88,2
3008,1,9,1
3008,2,44,2
3009,1,6,2
3009,2,72,2
3010,1,10,2
3010,2,52,2
3010,3,78,1
3011,1,25,2
3011,2,42,3
3011,3,51,2
3011,4,58,3
3011,5,98,1
3012,1,9,2
3012,2,10,2
3012,3,17,3
3012,4,25,2
3012,5,42,2
3012,6,59,3
3013,1,51,1
3013,2,62,1
3014,1,62,2
3014,2,93,2
3015,1,36,2
3015,2,37,2
3015,3,91,3
3015,4,94,3
3016,1,29,1
3016,2,57,3
3016,3,66,3
3016,4,99,2
3017,1,8,1
3017,2,21,1
3017,3,84,3
3017,4,93,1
3018,1,9,3
3018,2,57,3
3018,3,71,1
3019,1,33,3
3020,1,10,1
3020,2,23,1
3020,3,70,3
3020,4,73,2
3020,5,75,1
3020,6,78,2
3020,7,99,2
3021,1,7,3
3021,2,9,2
3021,3,10,2
3021,4,33,3
3021,5,52,3
3021,6,90,1
3022,1,36,1
3022,2,69,2
3022,3,96,3
3023,1,16,1
3023,2,27,2
3023,3,61,2
3023,4,74,3
3023,5,89,3
3024,1,13,2
3024,2,58,3
3024,3,62,3
3025,1,6,2
3025,2,64,3
3025,3,71,3
3025,4,73,1
3026,1,6,1
3026,2,12,2
3026,3,57,1
3026,4,65,1
3026,5,78,2
3027,1,40,1
3027,2,79,1
3027,3,83,3
3028,1,18,3
3028,2,84,1
3028,3,87,1
3029,1,26,1
3029,2,62,2
3029,3,81,1
3029,4,89,2
3030,1,24,1
3030,2,33,2
3030,3,45,1
3030,4,50,1
3030,5,91,2
3031,1,63,1
3031,2,80,2
3032,1,0,3
3032,2,10,3
3032,3,30,1
3032,4,75,1
3032,5,90,3
3033,1,32,2
3033,2,58,1
3033,3,75,2
3033,4,94,2
3034,1,19,1
3034,2,62,2
3034,3,99,3
3035,1,6,3
3035,2,21,3
3035,3,32,2
3035,4,75,2
3035,5,77,1
3036,1,0,1
3036,2,30,3
3036,3,64,3
3037,1,25,1
3037,2,41,2
3037,3,89,3
3038,1,4,1
3038,2,40,1
3038,3,70,1
3038,4,82,3
3039,1,6,2
3039,2,9,1
3039,3,13,2
3039,4,70,1
3040,1,37,2
3041,1,5,1
3041,2,11,2
3041,3,17,3
3041,4,66,3
3041,5,69,2
3042,1,7,2
3042,2,32,1
3042,3,41,1
3042,4,51,1
3042,5,68,1
3043,1,61,1
3043,2,90,2
3044,1,87,3
3045,1,30,3
3045,2,76,2
3046,1,17,3
3046,2,23,1
3046,3,32,3
3046,4,55,3
3046,5,77,2
3047,1,22,1
3047,2,39,1
3047,3,48,2
3047,4,50,1
3047,5,85,3
3047,6,91,3
3047,7,98,3
3048,1,40,1
3048,2,64,1
3048,3,70,3
3048,4,88,2
3049,1,22,2
3049,2,24,1
3049,3,99,1
3050,1,60,1
3051,1,23,1
3051,2,33,2
3051,3,36,2
3051,4,56,3
3052,1,13,1
3052,2,42,2
3052,3,88,2
3052,4,94,3
3052,5,95,2
3053,1,19,1
3053,2,80,2
3053,3,90,1
3054,1,7,2
3054,2,30,2
3054,3,41,3
3054,4,46,3
3054,5,81,1
3054,6,90,2
3055,1,25,3
3055,2,38,2
3055,3,39,1
3055,4,95,1
3056,1,8,3
3056,2,34,1
3056,3,37,3
3056,4,48,2
3056,5,66,3
3056,6,92,1
3057,1,5,3
3057,2,68,2
3057,3,73,1
3057,4,83,3
3057,5,89,1
3058,1,20,1
3058,2,26,3
3058,3,31,1
3058,4,76,1
3058,5,87,2
3059,1,44,2
3059,2,45,1
3059,3,60,1
3060,1,35,2
3060,2,41,3
3060,3,67,1
3060,4,96,1
3061,1,11,2
3061,2,20,2
3061,3,31,3
3061,4,62,3
3061,5,67,2
3061,6,87,2
3062,1,6,2
3062,2,61,2
3062,3,84,2
3062,4,91,1
3063,1,27,3
3063,2,68,1
3063,3,83,1
3063,4,93,2
3064,1,11,2
3064,2,45,3
3064,3,51,2
3064,4,55,2
3064,5,69,1
3065,1,13,3
3065,2,42,3
3065,3,79,3
3065,4,84,1
3066,1,11,1
3066,2,25,3
3066,3,37,3
3066,4,72,3
3066,5,92,3
3066,6,94,3
3067,1,10,3
3067,2,26,2
3067,3,27,1
3067,4,91,3
3067,5,94,1
3068,1,32,1
3068,2,76,2
3068,3,79,2
3069,1,51,1
3069,2,69,1
3069,3,71,1
3069,4,75,2
3070,1,3,2
3070,2,22,1
3070,3,33,1
3070,4,86,2
3071,1,41,2
3071,2,61,2
3071,3,85,3
3071,4,98,1
3072,1,68,3
3072,2,88,1
3072,3,95,1
3073,1,48,1
3073,2,58,3
3073,3,90,2
3073,4,93,2
3074,1,5,3
3074,2,12,3
3074,3,66,1
3074,4,91,2
3075,1,3,3
3075,2,46,1
3075,3,58,2
3075,4,61,1
3075,5,72,1
3076,1,15,2
3076,2,22,2
3076,3,33,2
3076,4,61,2
3077,1,5,3
3077,2,28,3
3077,3,46,3
3077,4,58,1
3078,1,3,3
3078,2,36,1
3078,3,56,2
3078,4,75,3
3078,5,90,3
3079,1,5,1
3079,2,11,2
3079,3,35,3
3079,4,36,3
3079,5,92,1
3080,1,7,3
3080,2,9,2
3080,3,36,2
3080,4,76,2
3080,5,84,3
3081,1,6,2
3081,2,55,3
3081,3,57,3
3081,4,61,1
3081,5,73,3
3081,6,86,2
3082,1,30,1
3082,2,35,1
3082,3,43,2
3082,4,50,1
3082,5,57,3
3083,1,10,2
3083,2,14,3
3083,3,53,3
3083,4,75,3
3083,5,80,3
3083,6,86,3
3083,7,90,1
3084,1,17,1
3084,2,26,3
3084,3,68,2
3085,1,11,2
3085,2,16,1
3085,3,23,2
3085,4,49,1
3085,5,92,3
3086,1,45,3
3086,2,60,3
3086,3,70,3
3086,4,78,2
3087,1,39,2
3087,2,72,1
3087,3,89,2
3087,4,91,2
3087,5,94,3
3088,1,57,3
3089,1,8,3
3089,2,9,3
3089,3,35,3
3089,4,65,2
3090,1,18,1
3090,2,68,1
3091,1,17,2
3091,2,44,3
3091,3,53,2
3091,4,54,3
3091,5,91,1
3092,1,1,2
3092,2,34,3
3092,3,62,1
3092,4,67,3
3092,5,95,3
3093,1,7,2
3093,2,19,2
3093,3,53,3
3093,4,81,2
3093,5,86,1
3093,6,87,3
3094,1,14,1
3094,2,39,2
3094,3,41,2
3094,4,46,1
3094,5,93,2
3095,1,2,1
3095,2,7,3
3095,3,50,1
3095,4,85,2
3096,1,68,3
3096,2,82,1
3096,3,92,2
3097,1,55,3
3097,2,83,2
3098,1,23,2
3098,2,36,1
3098,3,62,3
3098,4,68,3
3098,5,74,3
3098,6,78,1
3098,7,89,1
3098,8,97,2
3099,1,26,1
3099,2,81,3
3099,3,87,1
3100,1,20,3
3100,2,44,1
3100,3,61,1
3100,4,81,1
3100,5,90,2
3101,1,9,1
3101,2,17,3
3101,3,51,1
3102,1,17,2
3103,1,52,1
3103,2,77,2
3103,3,87,2
3104,1,8,2
3104,2,38,2
3104,3,39,1
3104,4,43,2
3104,5,60,2
3104,6,62,1
3105,1,7,2
3105,2,19,3
3105,3,27,2
3105,4,57,2
3106,1,49,3
3106,2,87,1
3106,3,92,3
3107,1,11,2
3107,2,27,3
3107,3,28,2
3107,4,37,2
3107,5,66,3
3108,1,5,2
3108,2,63,3
3109,1,56,2
3109,2,60,3
3109,3,71,3
3109,4,77,1
3109,5,81,1
3110,1,3,1
3110,2,10,2
3110,3,30,2
3110,4,56,1
3110,5,99,3
3111,1,43,2
3111,2,46,1
3111,3,62,3
3111,4,93,2
3112,1,76,3
3112,2,84,1
3112,3,95,2
3113,1,1,2
3113,2,45,1
3113,3,84,3
3113,4,85,1
3114,1,66,2
3114,2,68,2
3115,1,18,2
3115,2,27,1
3115,3,50,1
3115,4,54,1
3115,5,63,2
3115,6,65,2
3115,7,78,1
3115,8,90,3
3116,1,22,1
3116,2,75,3
3116,3,99,2
3117,1,1,1
3117,2,20,3
3117,3,84,1
3117,4,90,1
3118,1,10,1
3118,2,22,3
3118,3,35,3
3118,4,55,2
3118,5,58,1
3118,6,84,1
3118,7,94,1
3119,1,9,3
3119,2,14,3
3119,3,26,1
3119,4,31,3
3119,5,84,2
3119,6,89,1
3119,7,95,3
3120,1,45,2
3120,2,65,2
3121,1,8,1
3121,2,40,2
3121,3,62,1
3121,4,88,2
3121,5,95,1
3122,1,8,2
3122,2,22,2
3122,3,47,1
3122,4,59,3
3123,1,20,3
3123,2,32,3
3123,3,44,1
3123,4,84,2
3123,5,99,3
3124,1,32,2
3124,2,44,2
3124,3,75,2
3124,4,84,1
3125,1,17,2
3125,2,34,1
3125,3,92,2
3126,1,2,2
3126,2,36,1
3126,3,44,3
3126,4,54,3
3127,1,10,1
3127,2,19,1
3127,3,20,1
3127,4,41,3
3127,5,75,3
3128,1,13,1
3128,2,61,3
3128,3,89,3
3129,1,22,2
3129,2,93,2
3130,1,0,1
3130,2,30,2
3130,3,33,3
3130,4,99,1
3131,1,31,1
3131,2,54,3
3131,3,66,3
3131,4,76,2
3131,5,87,3
3131,6,93,3
3132,1,32,1
3132,2,33,3
3132,3,41,1
3132,4,62,2
3132,5,83,3
3132,6,98,3
3133,1,49,3
3133,2,67,1
3133,3,82,2
3134,1,8,3
3134,2,62,3
3134,3,69,2
3134,4,93,1
3135,1,20,2
3135,2,71,2
3136,1,4,2
3136,2,16,1
3136,3,53,2
3136,4,75,2
3137,1,28,1
3137,2,36,2
3137,3,40,1
3137,4,71,3
3137,5,96,2
3138,1,10,3
3138,2,27,2
3138,3,46,3
3138,4,47,3
3138,5,66,2
3138,6,89,1
3139,1,31,1
3139,2,36,1
3139,3,83,2
3140,1,36,1
3140,2,45,2
3140,3,47,2
3140,4,60,3
3141,1,20,1
3141,2,24,2
3141,3,56,1
3141,4,87,2
3142,1,14,3
3142,2,93,2
3143,1,10,2
3143,2,11,2
3143,3,47,1
3144,1,23,2
3144,2,35,2
3144,3,49,3
3144,4,70,2
3145,1,10,3
3145,2,44,2
3145,3,48,2
3146,1,25,3
3146,2,84,3
3147,1,28,3
3147,2,57,1
3147,3,69,3
3148,1,13,2
3148,2,48,1
3148,3,58,2
3148,4,61,2
3148,5,79,2
3148,6,97,1
3149,1,26,1
3149,2,35,1
3149,3,53,2
3149,4,71,3
3150,1,1,1
3150,2,10,2
3150,3,38,2
3150,4,39,1
3151,1,1,1
3151,2,42,2
3151,3,53,2
3151,4,69,1
3151,5,81,3
3152,1,13,2
3152,2,25,2
3152,3,44,2
3152,4,48,3
3152,5,61,1
3153,1,11,2
3153,2,27,1
3153,3,34,1
3153,4,55,1
3153,5,56,3
3153,6,79,3
3153,7,85,1
3154,1,40,1
3154,2,55,2
3154,3,79,3
3154,4,98,1
3155,1,10,1
3155,2,22,2
3155,3,55,3
3155,4,99,3
3156,1,9,3
3156,2,25,1
3156,3,55,3
3156,4,74,1
3156,5,84,3
3156,6,98,2
3157,1,35,2
3157,2,36,3
3157,3,42,1
3157,4,75,2
3157,5,83,3
3158,1,40,1
3158,2,53,2
3158,3,63,2
3158,4,81,2
3159,1,20,1
3159,2,45,1
3159,3,74,2
3159,4,82,1
3160,1,10,3
3160,2,48,2
3160,3,95,1
3160,4,97,3
3161,1,31,2
3161,2,44,3
3161,3,70,1
3161,4,73,3
3162,1,96,2
3163,1,9,1
3163,2,56,2
3163,3,85,2
3163,4,99,3
3164,1,22,3
3164,2,59,3
3164,3,85,1
3165,1,14,1
3165,2,37,3
3165,3,68,1
3165,4,69,1
3165,5,76,1
3165,6,91,1
3166,1,0,3
3166,2,51,2
3166,3,52,2
3166,4,61,2
3167,1,10,2
3167,2,17,3
3167,3,54,3
3168,1,10,2
3168,2,12,2
3168,3,42,1
3168,4,44,1
3168,5,83,1
3168,6,94,3
3169,1,66,1
3169,2,68,3
3169,3,80,3
3169,4,83,3
3170,1,4,3
3170,2,12,3
3170,3,46,2
3170,4,48,3
3170,5,98,3
3171,1,14,2
3171,2,32,2
3171,3,36,2
3171,4,90,3
3172,1,11,2
3172,2,65,2
3172,3,98,1
3173,1,8,1
3173,2,15,3
3173,3,74,2
3174,1,6,3
3174,2,38,1
3174,3,57,3
3175,1,36,3
3175,2,69,1
3176,1,2,3
3176,2,13,2
3176,3,52,1
3177,1,5,2
3177,2,23,1
3177,3,31,2
3177,4,45,1
3177,5,47,1
3177,6,90,2
3178,1,4,3
3178,2,9,2
3178,3,14,1
3178,4,30,2
3178,5,70,3
3178,6,98,2
3179,1,6,3
3179,2,69,2
3179,3,70,1
3179,4,89,2
3180,1,77,1
3181,1,40,2
3181,2,56,1
3181,3,75,1
3182,1,23,2
3182,2,54,3
3182,3,56,3
3183,1,35,3
3183,2,86,2
3183,3,94,2
3184,1,2,3
3184,2,19,2
3184,3,55,3
3184,4,56,1
3185,1,6,2
3185,2,17,2
3185,3,38,2
3185,4,55,3
3186,1,14,2
3186,2,42,2
3186,3,45,1
3187,1,12,3
3187,2,16,3
3187,3,17,3
3187,4,75,1
3188,1,17,2
3188,2,31,2
3188,3,39,1
3188,4,68,1
3188,5,87,3
3189,1,4,1
3189,2,46,2
3189,3,69,2
3189,4,75,2
3189,5,87,1
3190,1,7,1
3190,2,14,1
3190,3,22,1
3190,4,67,1
3191,1,75,3
3191,2,82,3
3192,1,14,1
3192,2,15,2
3192,3,41,2
3192,4,56,1
3192,5,59,1
3192,6,75,3
3193,1,8,1
3193,2,62,1
3194,1,15,3
3194,2,28,3
3194,3,76,2
3194,4,98,2
3194,5,99,3
3195,1,27,3
3195,2,62,1
3195,3,63,3
3195,4,96,3
3196,1,6,3
3196,2,8,1
3196,3,46,3
3196,4,66,1
3196,5,67,3
3196,6,77,1
3196,7,96,3
3197,1,31,3
3197,2,50,1
3197,3,67,1
3197,4,83,1
3198,1,4,2
3198,2,18,1
3198,3,53,2
3199,1,8,1
3199,2,11,2
3199,3,30,1
3199,4,32,2
3199,5,76,2
3199,6,77,3
3199,7,87,3
3199,8,91,3
3200,1,0,1
3200,2,43,3
3200,3,48,2
3200,4,50,2
3201,1,32,2
3201,2,51,1
3201,3,65,1
3202,1,8,2
3202,2,35,2
3202,3,65,1
3202,4,77,1
3203,1,24,1
3203,2,25,1
3203,3,34,1
3203,4,43,3
3203,5,51,1
3203,6,79,1
3204,1,92,3
3205,1,9,1
3205,2,85,3
3205,3,87,3
3206,1,37,2
3207,1,31,1
3207,2,38,2
3207,3,54,1
3207,4,67,3
3207,5,95,2
3207,6,96,2
3208,1,22,2
3208,2,53,1
3208,3,62,2
3208,4,88,3
3209,1,5,1
3209,2,25,2
3209,3,61,2
3210,1,6,1
3210,2,12,2
3210,3,21,1
3210,4,29,3
3210,5,87,2
3211,1,17,3
3211,2,18,2
3212,1,9,1
3212,2,19,2
3212,3,86,1
3213,1,12,2
3213,2,22,2
3213,3,84,3
3214,1,23,2
3214,2,61,2
3214,3,69,1
3214,4,87,3
3214,5,94,3
3215,1,64,2
3215,2,85,2
3216,1,16,1
3216,2,60,3
3216,3,83,2
3217,1,4,3
3217,2,60,1
3217,3,66,2
3217,4,79,2
3217,5,89,3
3218,1,4,1
3218,2,20,1
3218,3,47,1
3218,4,92,1
3219,1,45,1
3219,2,98,3
3220,1,35,2
3220,2,43,1
3220,3,56,2
3220,4,61,2
3220,5,71,1
3221,1,10,1
3221,2,31,1
3221,3,51,2
3221,4,69,3
3221,5,75,1
3221,6,78,2
3222,1,36,2
3223,1,38,2
3223,2,45,1
3223,3,84,2
3223,4,89,2
3224,1,10,2
3224,2,46,3
3224,3,58,1
3224,4,69,1
3225,1,12,1
3225,2,15,3
3225,3,50,2
3225,4,74,2
3225,5,75,3
3225,6,98,2
3226,1,7,3
3226,2,88,1
3226,3,95,3
3226,4,96,2
3227,1,14,1
3227,2,22,1
3227,3,33,2
3227,4,46,2
3228,1,25,1
3228,2,43,3
3228,3,61,3
3228,4,97,1
3229,1,5,2
3229,2,17,2
3229,3,26,3
3229,4,43,3
3230,1,25,1
3230,2,26,2
3230,3,28,3
3230,4,29,1
3230,5,45,3
3231,1,11,3
3231,2,43,3
3231,3,63,3
3232,1,12,3
3232,2,28,1
3232,3,33,1
3232,4,59,3
3233,1,26,3
3233,2,30,2
3233,3,38,3
3233,4,67,3
3234,1,81,3
3234,2,91,2
3235,1,10,3
3235,2,30,3
3235,3,33,2
3235,4,64,1
3235,5,69,2
3236,1,6,2
3236,2,36,3
3236,3,61,3
3236,4,78,1
3237,1,22,2
3237,2,39,3
3237,3,67,3
3237,4,87,2
3238,1,8,3
3238,2,61,2
3238,3,85,1
3239,1,16,2
3239,2,18,3
3239,3,22,2
3239,4,37,3
3239,5,82,3
3239,6,89,1
3240,1,10,2
3240,2,84,2
3241,1,6,3
3241,2,21,1
3241,3,95,3
3242,1,4,1
3242,2,20,1
3242,3,33,1
3242,4,37,1
3242,5,47,2
3242,6,71,1
3243,1,16,1
3243,2,79,2
3244,1,39,3
3244,2,41,3
3244,3,79,1
3244,4,98,1
3245,1,10,3
3245,2,11,1
3245,3,22,3
3245,4,43,1
3245,5,84,2
3245,6,95,1
3246,1,9,3
3246,2,27,2
3246,3,45,1
3246,4,48,3
3246,5,58,3
3246,6,59,1
3246,7,79,3
3247,1,0,2
3247,2,49,3
3247,3,73,2
3248,1,2,3
3248,2,10,2
3248,3,65,1
3248,4,68,2
3248,5,91,2
3249,1,32,2
3249,2,70,2
3249,3,86,2
3250,1,83,2
3251,1,8,1
3251,2,43,2
3251,3,90,3
3251,4,93,1
3251,5,96,2
3252,1,6,2
3252,2,51,3
3252,3,65,1
3252,4,69,1
3253,1,54,2
3253,2,65,2
3253,3,93,3
3253,4,99,2
3254,1,22,1
3254,2,50,2
3255,1,9,3
3255,2,22,1
3255,3,28,3
3255,4,37,3
3255,5,77,3
3255,6,84,2
3256,1,24,1
3257,1,2,1
3257,2,64,1
3257,3,97,2
3257,4,99,1
3258,1,23,3
3258,2,85,2
3259,1,40,2
3259,2,74,1
3259,3,82,2
3260,1,8,2
3260,2,30,2
3260,3,33,3
3260,4,69,2
3260,5,90,2
3261,1,12,1
3261,2,21,2
3261,3,39,2
3261,4,67,2
3261,5,76,2
3262,1,12,2
3262,2,25,2
3262,3,69,1
3262,4,91,3
3263,1,6,1
3263,2,22,3
3263,3,51,3
3263,4,86,1
3264,1,44,1
3264,2,79,2
3264,3,83,1
3264,4,89,1
3265,1,20,3
3265,2,45,3
3265,3,69,3
3265,4,75,3
3265,5,90,1
3266,1,21,3
3266,2,34,2
3266,3,66,1
3266,4,68,1
3266,5,80,2
3266,6,99,1
3267,1,10,1
3267,2,14,2
3267,3,96,2
3268,1,13,3
3268,2,26,2
3268,3,37,2
3268,4,75,2
3268,5,84,1
3269,1,2,1
3269,2,17,1
3269,3,68,2
3269,4,75,2
3269,5,80,3
3270,1,25,2
3270,2,33,1
3270,3,97,2
3270,4,98,1
3271,1,11,2
3271,2,27,1
3271,3,54,3
3271,4,58,1
3272,1,16,1
3272,2,19,1
3272,3,45,3
3272,4,75,1
3272,5,78,2
3272,6,81,2
3272,7,93,2
3273,1,0,1
3273,2,3,2
3273,3,14,1
3273,4,33,1
3273,5,42,2
3273,6,95,2
3274,1,13,3
3274,2,74,3
3274,3,75,3
3274,4,84,3
3274,5,90,2
3275,1,17,1
3275,2,43,3
3275,3,84,3
3276,1,97,2
3277,1,17,2
3277,2,62,1
3277,3,95,1
3278,1,29,2
3278,2,64,2
3279,1,96,1
3280,1,11,2
3280,2,17,3
3280,3,24,3
3280,4,47,2
3280,5,66,2
3280,6,88,2
3280,7,91,1
3280,8,99,1
3281,1,44,2
3281,2,61,2
3281,3,79,2
3281,4,82,2
3282,1,44,3
3282,2,66,2
3282,3,91,3
3282,4,92,3
3283,1,16,3
3283,2,28,1
3283,3,75,2
3284,1,25,3
3284,2,51,1
3284,3,97,3
3285,1,13,2
3285,2,21,3
3286,1,38,2
3286,2,43,2
3286,3,65,3
3286,4,67,1
3286,5,89,1
3287,1,8,3
3287,2,31,3
3287,3,76,3
3287,4,77,2
3287,5,89,3
3287,6,95,1
3287,7,96,3
3288,1,18,3
3288,2,80,3
3288,3,91,2
3289,1,53,2
3289,2,64,1
3289,3,75,3
3289,4,78,2
3290,1,18,2
3290,2,24,2
3290,3,84,2
3291,1,23,3
3291,2,28,1
3291,3,54,3
3291,4,58,2
3291,5,75,3
3291,6,79,3
3292,1,14,2
3292,2,75,3
3293,1,8,1
3293,2,16,2
3293,3,31,1
3293,4,81,2
3294,1,2,3
3294,2,64,2
3294,3,66,3
3294,4,83,2
3295,1,5,1
3295,2,11,2
3295,3,32,1
3295,4,34,3
3295,5,57,2
3296,1,52,3
3296,2,61,2
3296,3,66,2
3296,4,87,3
3297,1,10,3
3297,2,31,3
3297,3,68,1
3297,4,75,1
3298,1,11,1
3299,1,10,1
3299,2,65,2
3299,3,92,2
3299,4,95,1
3300,1,21,3
3300,2,61,3
3301,1,44,3
3301,2,51,2
3301,3,68,3
3302,1,1,3
3302,2,2,2
3302,3,24,3
3303,1,14,3
3303,2,48,1
3304,1,5,2
3304,2,35,3
3304,3,62,3
3305,1,1,3
3305,2,25,3
3305,3,43,1
3305,4,49,1
3305,5,51,3
3305,6,88,3
3306,1,3,1
3306,2,18,3
3306,3,44,1
3306,4,63,3
3306,5,89,1
3307,1,71,1
3307,2,75,2
3307,3,99,2
3308,1,36,2
3308,2,40,1
3308,3,62,2
3309,1,0,3
3309,2,67,2
3309,3,86,3
3309,4,89,2
3310,1,45,2
3310,2,66,1
3310,3,68,2
3310,4,87,2
3311,1,9,3
3311,2,17,3
3311,3,25,2
3311,4,44,3
3311,5,50,2
3311,6,51,3
3311,7,60,3
3311,8,77,1
3312,1,31,2
3312,2,72,2
3313,1,16,1
3313,2,33,3
3313,3,39,2
3313,4,40,1
3313,5,78,3
3313,6,80,1
3314,1,6,1
3314,2,22,3
3314,3,64,3
3315,1,10,2
3315,2,80,3
3315,3,91,1
3316,1,10,2
3316,2,17,2
3316,3,40,3
3316,4,54,3
3316,5,69,2
3316,6,93,1
3317,1,2,2
3317,2,16,3
3317,3,31,1
3317,4,34,3
3318,1,10,1
3318,2,64,2
3318,3,81,3
3318,4,99,2
3319,1,3,2
3319,2,5,3
3319,3,12,3
3319,4,17,3
3319,5,19,2
3319,6,84,2
3319,7,99,1
3320,1,11,3
3320,2,34,3
3320,3,61,3
3321,1,30,3
3321,2,80,2
3321,3,89,3
3321,4,99,1
3322,1,13,1
3322,2,41,3
3322,3,62,3
3322,4,88,2
3323,1,2,3
3323,2,35,3
3324,1,35,2
3324,2,67,3
3324,3,70,1
3324,4,76,2
3324,5,87,3
3324,6,89,2
3325,1,22,3
3325,2,44,1
3325,3,62,3
3326,1,13,3
3326,2,15,1
3326,3,25,2
3326,4,89,1
3327,1,55,1
3328,1,11,2
3328,2,70,2
3328,3,80,3
3329,1,21,1
3329,2,44,3
3329,3,88,1
3330,1,3,3
3330,2,25,2
3330,3,91,3
3331,1,20,2
3331,2,24,2
3331,3,36,3
3331,4,75,3
3331,5,83,1
3331,6,85,2
3332,1,25,3
3332,2,59,3
3332,3,78,1
3333,1,0,1
3333,2,17,1
3333,3,19,3
3333,4,55,1
3333,5,57,3
3333,6,73,2
3334,1,40,1
3335,1,15,2
3335,2,22,3
3335,3,26,3
3335,4,89,3
3336,1,2,3
3336,2,23,3
3336,3,93,2
3337,1,69,2
3337,2,96,1
3338,1,32,1
3338,2,53,1
3339,1,14,2
3339,2,22,1
3339,3,31,1
3339,4,64,3
3339,5,71,1
3340,1,10,3
3340,2,17,3
3340,3,38,2
3340,4,62,3
3340,5,84,2
3340,6,92,3
3341,1,11,2
3341,2,30,1
3341,3,51,2
3341,4,95,1
3341,5,99,2
3342,1,27,1
3342,2,36,3
3342,3,45,3
3342,4,56,1
3343,1,2,1
3343,2,27,1
3343,3,80,3
3343,4,94,2
3344,1,86,3
3344,2,95,3
3345,1,15,3
3345,2,17,2
3345,3,47,2
3345,4,59,3
3345,5,78,1
3346,1,5,3
3346,2,19,1
3346,3,23,3
3346,4,33,2
3347,1,12,1
3347,2,22,2
3347,3,80,1
3348,1,22,1
3348,2,54,3
3348,3,55,2
3348,4,67,1
3348,5,69,3
3348,6,75,3
3348,7,90,1
3349,1,62,3
3349,2,92,1
3350,1,96,3
3351,1,79,2
3352,1,65,2
3352,2,67,2
3352,3,95,2
3352,4,96,3
3353,1,10,3
3353,2,37,3
3353,3,40,1
3353,4,66,2
3353,5,78,2
3353,6,91,2
3354,1,66,1
3354,2,68,2
3354,3,80,1
3354,4,83,1
3354,5,91,1
3355,1,40,2
3355,2,42,1
3355,3,55,1
3355,4,69,3
3355,5,75,1
3355,6,90,1
3356,1,31,2
3356,2,46,3
3356,3,62,1
3356,4,91,2
3356,5,92,2
3357,1,10,2
3357,2,37,3
3357,3,70,1
3358,1,12,3
3358,2,42,3
3358,3,66,2
3359,1,11,3
3359,2,18,2
3359,3,28,2
3359,4,53,2
3359,5,83,2
3359,6,89,1
3359,7,92,2
3360,1,25,1
3360,2,26,1
3360,3,48,3
3360,4,59,1
3360,5,88,1
3360,6,98,2
3361,1,9,2
3361,2,48,1
3361,3,49,2
3361,4,51,3
3361,5,69,3
3362,1,36,2
3362,2,42,3
3363,1,13,2
3363,2,39,3
3363,3,65,3
3363,4,69,2
3364,1,5,2
3364,2,33,2
3364,3,43,1
3364,4,95,2
3365,1,7,3
3365,2,10,2
3365,3,22,1
3365,4,23,1
3365,5,64,2
3365,6,69,2
3365,7,75,3
3366,1,11,3
3366,2,45,3
3366,3,48,3
3366,4,89,2
3366,5,91,3
3367,1,31,1
3367,2,97,1
3368,1,4,2
3368,2,9,1
3368,3,13,3
3368,4,67,2
3368,5,90,1
3369,1,1,2
3369,2,25,2
3369,3,64,1
3369,4,72,3
3369,5,75,1
3370,1,7,2
3370,2,12,3
3370,3,13,2
3370,4,42,1
3370,5,82,1
3371,1,12,2
3371,2,15,2
3371,3,70,1
3372,1,33,1
3372,2,84,2
3373,1,8,2
3373,2,35,1
3374,1,14,1
3374,2,66,1
3374,3,78,1
3374,4,95,3
3375,1,16,2
3375,2,20,1
3375,3,30,3
3375,4,32,3
3375,5,68,2
3375,6,69,2
3375,7,72,2
3376,1,4,2
3376,2,6,1
3376,3,71,2
3376,4,75,1
3377,1,46,3
3377,2,95,3
3378,1,31,2
3378,2,62,2
3378,3,67,1
3378,4,79,2
3378,5,83,1
3378,6,95,3
3379,1,1,3
3379,2,43,1
3379,3,53,2
3380,1,59,3
3380,2,65,2
3380,3,87,3
3381,1,78,1
3382,1,32,1
3382,2,46,3
3382,3,80,3
3383,1,19,1
3383,2,59,1
3384,1,22,2
3384,2,27,1
3384,3,54,2
3384,4,64,2
3384,5,91,2
3385,1,11,3
3385,2,52,2
3385,3,68,2
3385,4,72,2
3385,5,78,3
3385,6,93,2
3386,1,14,3
3386,2,20,1
3386,3,34,1
3386,4,60,2
3386,5,77,3
3387,1,10,2
3387,2,18,3
3387,3,66,3
3387,4,83,1
3387,5,88,2
3387,6,94,3
3388,1,36,3
3388,2,58,2
3388,3,92,1
3389,1,4,3
3389,2,10,3
3389,3,46,1
3389,4,55,3
3389,5,78,3
3390,1,8,3
3390,2,71,2
3390,3,73,2
3390,4,86,1
3391,1,24,3
3391,2,26,3
3391,3,46,1
3391,4,89,1
3391,5,98,1
3392,1,9,2
3392,2,10,3
3392,3,34,2
3392,4,35,2
3392,5,51,1
3392,6,52,1
3392,7,99,3
3393,1,25,2
3393,2,27,1
3393,3,51,3
3393,4,63,2
3393,5,83,1
3394,1,36,3
3394,2,54,3
3394,3,68,1
3394,4,83,1
3395,1,17,2
3395,2,77,3
3395,3,98,2
3395,4,99,2
3396,1,10,3
3396,2,22,3
3396,3,54,1
3396,4,57,2
3397,1,52,2
3397,2,63,1
3397,3,75,3
3398,1,18,3
3398,2,52,2
3398,3,59,3
3398,4,68,3
3399,1,2,3
3399,2,66,3
3399,3,96,2
3400,1,1,1
3400,2,11,3
3400,3,50,3
3401,1,22,1
3401,2,82,2
3401,3,84,1
3401,4,87,2
3402,1,0,2
3402,2,10,1
3402,3,28,2
3402,4,30,3
3402,5,46,3
3402,6,62,2
3403,1,10,2
3403,2,77,2
3403,3,78,3
3404,1,3,2
3404,2,4,3
3404,3,19,2
3404,4,20,2
3404,5,23,2
3404,6,42,1
3404,7,48,3
3404,8,56,3
3404,9,58,2
3404,10,80,1
3405,1,78,1
3406,1,33,3
3406,2,49,3
3406,3,82,2
3407,1,5,2
3407,2,8,3
3407,3,58,3
3408,1,77,3
3408,2,87,2
3408,3,90,2
3409,1,41,3
3409,2,72,2
3409,3,85,3
3410,1,24,1
3410,2,49,2
3410,3,61,2
3410,4,70,3
3410,5,74,3
3411,1,3,2
3411,2,80,1
3411,3,83,1
3412,1,3,3
3412,2,8,3
3412,3,60,1
3412,4,83,3
3413,1,0,2
3413,2,21,3
3413,3,22,3
3413,4,44,1
3413,5,59,3
3414,1,17,1
3414,2,23,3
3414,3,45,2
3414,4,60,3
3414,5,77,3
3415,1,12,3
3415,2,59,3
3415,3,61,2
3415,4,73,1
3415,5,84,1
3416,1,25,3
3416,2,48,1
3416,3,49,1
3417,1,34,2
3417,2,69,3
3417,3,74,1
3417,4,93,2
3418,1,37,3
3418,2,99,2
3419,1,38,3
3419,2,78,2
3420,1,14,3
3420,2,50,1
3420,3,84,1
3421,1,10,3
3421,2,78,3
3421,3,91,3
3421,4,99,3
3422,1,57,3
3422,2,81,2
3422,3,86,3
3422,4,99,1
3423,1,16,2
3423,2,18,1
3423,3,76,3
3423,4,94,2
3424,1,25,2
3424,2,89,1
3424,3,92,3
3425,1,7,3
3425,2,56,1
3425,3,61,1
3425,4,75,2
3425,5,93,2
3426,1,31,3
3426,2,32,3
3426,3,43,1
3426,4,84,2
3427,1,76,1
3427,2,93,1
3427,3,96,1
3428,1,19,2
3428,2,56,3
3428,3,69,1
3428,4,75,3
3428,5,93,3
3429,1,16,1
3429,2,58,3
3429,3,93,1
3430,1,8,2
3430,2,11,3
3430,3,12,3
3430,4,41,3
3430,5,91,2
3430,6,96,1
3431,1,24,2
3431,2,41,2
3431,3,74,2
3431,4,83,3
3432,1,1,2
3432,2,14,3
3432,3,27,1
3433,1,83,1
3433,2,91,2
3433,3,94,2
3434,1,6,3
3434,2,52,3
3434,3,54,1
3434,4,91,1
3434,5,92,3
3435,1,12,3
3435,2,48,1
3435,3,78,1
3435,4,99,3
3436,1,1,1
3436,2,10,2
3436,3,23,1
3436,4,30,1
3436,5,46,3
3436,6,63,1
3436,7,65,1
3437,1,14,3
3437,2,58,2
3437,3,67,3
3437,4,90,2
3437,5,95,1
3438,1,17,3
3438,2,29,1
3438,3,30,3
3438,4,52,1
3438,5,78,2
3438,6,80,2
3439,1,26,2
3439,2,48,2
3439,3,91,1
3440,1,32,2
3440,2,33,2
3440,3,68,2
3440,4,79,1
3441,1,13,3
3441,2,28,3
3441,3,59,3
3441,4,88,3
3441,5,97,3
3442,1,64,3
3442,2,85,1
3443,1,23,3
3443,2,28,1
3443,3,34,3
3443,4,72,3
3444,1,60,2
3444,2,64,1
3444,3,84,3
3444,4,94,3
3445,1,10,3
3445,2,15,3
3445,3,39,2
3445,4,49,1
3445,5,62,3
3446,1,17,2
3446,2,32,3
3446,3,65,1
3446,4,71,3
3447,1,7,3
3447,2,13,3
3447,3,25,1
3447,4,39,3
3447,5,44,3
3447,6,72,3
3448,1,45,2
3448,2,53,3
3448,3,75,1
3448,4,85,2
3449,1,19,2
3449,2,25,3
3449,3,64,1
3449,4,90,1
3450,1,80,3
3450,2,81,2
3451,1,16,1
3451,2,36,2
3451,3,96,2
3452,1,55,1
3453,1,10,1
3453,2,18,2
3453,3,37,1
3453,4,61,1
3453,5,91,1
3454,1,51,1
3454,2,81,3
3454,3,93,2
3455,1,3,1
3455,2,38,1
3455,3,44,1
3455,4,47,1
3455,5,84,2
3456,1,45,1
3456,2,47,2
3456,3,56,2
3456,4,62,1
3456,5,66,3
3456,6,80,2
3457,1,20,3
3457,2,78,1
3457,3,95,1
3458,1,22,2
3458,2,31,1
3458,3,60,2
3458,4,65,1
3459,1,31,3
3459,2,39,3
3460,1,52,2
3460,2,56,1
3460,3,85,3
3460,4,89,1
3461,1,55,1
3461,2,59,3
3461,3,84,2
3462,1,11,1
3462,2,50,3
3462,3,54,3
3462,4,60,2
3462,5,65,1
3462,6,83,2
3463,1,41,1
3463,2,65,2
3463,3,78,2
3464,1,25,3
3464,2,31,2
3464,3,51,3
3464,4,72,1
3465,1,61,3
3465,2,74,3
3466,1,67,3
3466,2,78,2
3466,3,97,3
3467,1,28,3
3467,2,31,1
3467,3,37,1
3467,4,75,3
3467,5,93,3
3468,1,2,3
3468,2,87,1
3468,3,95,2
3469,1,25,3
3469,2,44,1
3469,3,54,2
3469,4,68,2
3469,5,69,1
3470,1,28,1
3470,2,32,1
3470,3,44,1
3471,1,69,2
3471,2,74,1
3471,3,99,2
3472,1,32,3
3472,2,74,3
3472,3,75,3
3472,4,90,2
3472,5,93,2
3473,1,26,2
3473,2,97,3
3474,1,5,1
3474,2,26,1
3474,3,29,3
3474,4,78,2
3474,5,80,1
3475,1,78,2
3475,2,84,2
3475,3,86,1
3475,4,93,2
3476,1,65,1
3476,2,66,2
3476,3,84,2
3476,4,91,2
3476,5,92,3
3477,1,32,1
3477,2,35,2
3477,3,70,2
3477,4,71,2
3478,1,7,2
3478,2,10,1
3478,3,11,2
3478,4,13,2
3478,5,24,3
3478,6,75,3
3478,7,88,1
3479,1,6,3
3479,2,17,1
3479,3,71,1
3479,4,75,1
3479,5,82,2
3479,6,89,3
3480,1,59,3
3480,2,85,3
3481,1,7,3
3481,2,25,3
3481,3,58,1
3481,4,71,3
3482,1,35,1
3482,2,44,1
3482,3,55,1
3482,4,64,2
3482,5,74,1
3482,6,88,3
3482,7,99,1
3483,1,9,2
3483,2,57,2
3483,3,82,3
3483,4,84,2
3484,1,3,2
3484,2,28,3
3484,3,57,2
3484,4,69,1
3484,5,72,1
3484,6,89,1
3485,1,13,1
3485,2,44,2
3485,3,51,1
3485,4,54,3
3485,5,73,3
3486,1,19,2
3486,2,34,3
3487,1,31,1
3487,2,33,2
3487,3,34,1
3487,4,91,1
3488,1,53,1
3488,2,84,1
3488,3,91,2
3489,1,25,1
3489,2,61,1
3489,3,96,1
3490,1,0,1
3490,2,4,2
3490,3,18,2
3490,4,25,1
3490,5,26,1
3490,6,79,3
3491,1,8,1
3491,2,17,1
3491,3,40,3
3491,4,57,1
3492,1,3,1
3492,2,27,2
3492,3,53,3
3492,4,58,3
3492,5,68,1
3493,1,10,2
3493,2,30,3
3493,3,75,3
3494,1,22,3
3494,2,31,3
3494,3,44,2
3494,4,60,1
3494,5,74,2
3495,1,21,1
3495,2,76,2
3495,3,77,1
3496,1,41,3
3496,2,42,3
3496,3,51,2
3497,1,67,3
3497,2,72,2
3497,3,75,2
3497,4,93,1
3497,5,99,2
3498,1,63,1
3498,2,68,3
3498,3,77,2
3498,4,80,3
3499,1,0,2
3499,2,31,3
3499,3,39,3
3499,4,45,3
3499,5,52,1
3499,6,76,3
3499,7,91,1
3500,1,11,3
3500,2,60,1
3500,3,94,3
3500,4,97,1
3501,1,25,1
3501,2,39,3
3501,3,48,1
3502,1,63,2
3502,2,88,3
3502,3,94,1
3502,4,95,1
3503,1,33,1
3503,2,42,1
3503,3,56,2
3503,4,88,3
3504,1,87,3
3504,2,92,1
3505,1,9,3
3505,2,22,2
3505,3,34,3
3505,4,65,1
3506,1,25,3
3506,2,54,3
3506,3,64,3
3506,4,93,3
3506,5,96,2
3507,1,22,2
3507,2,44,1
3507,3,50,3
3508,1,6,1
3508,2,19,2
3508,3,93,2
3509,1,31,3
3509,2,71,1
3509,3,76,1
3509,4,93,3
3510,1,24,3
3510,2,32,3
3510,3,35,2
3510,4,46,2
3510,5,53,2
3511,1,49,3
3511,2,62,3
3511,3,70,2
3511,4,83,1
3512,1,9,3
3512,2,42,1
3512,3,61,3
3512,4,84,1
3513,1,22,2
3513,2,51,3
3513,3,68,2
3514,1,31,2
3514,2,77,3
3514,3,84,2
3514,4,86,3
3514,5,92,3
3515,1,66,3
3515,2,69,3
3516,1,30,1
3516,2,62,2
3517,1,10,2
3517,2,28,2
3517,3,69,2
3518,1,14,2
3518,2,30,1
3518,3,51,1
3518,4,69,2
3518,5,86,1
3519,1,2,2
3519,2,69,2
3519,3,70,2
3519,4,91,3
3519,5,92,2
3520,1,21,1
3520,2,41,3
3520,3,89,3
3520,4,91,1
3521,1,50,1
3521,2,59,1
3521,3,92,2
3522,1,3,1
3522,2,46,2
3522,3,55,2
3522,4,62,1
3522,5,69,3
3523,1,0,3
3523,2,69,3
3523,3,75,1
3523,4,93,1
3524,1,67,2
3524,2,76,3
3524,3,86,1
3524,4,87,3
3524,5,93,1
3525,1,17,1
3525,2,71,3
3525,3,79,2
3525,4,82,3
3525,5,95,1
3526,1,7,2
3526,2,38,3
3526,3,76,2
3526,4,95,3
3527,1,56,3
3527,2,60,2
3527,3,74,1
3527,4,83,1
3528,1,25,2
3528,2,38,3
3528,3,96,3
3528,4,99,3
3529,1,3,1
3529,2,4,3
3529,3,10,3
3529,4,55,3
3530,1,3,2
3530,2,9,3
3530,3,82,2
3531,1,12,1
3531,2,17,2
3531,3,25,3
3531,4,58,2
3531,5,75,1
3531,6,90,3
3532,1,6,2
3532,2,88,2
3533,1,31,2
3533,2,55,2
3533,3,95,1
3534,1,19,1
3534,2,29,3
3534,3,30,3
3534,4,37,3
3534,5,61,2
3534,6,64,1
3534,7,69,2
3535,1,36,1
3535,2,37,2
3535,3,75,1
3535,4,89,2
3536,1,7,1
3536,2,13,2
3536,3,45,3
3536,4,78,3
3536,5,84,2
3536,6,93,1
3537,1,3,3
3537,2,7,3
3537,3,27,2
3537,4,36,2
3537,5,85,2
3538,1,12,3
3538,2,22,3
3538,3,51,2
3538,4,62,3
3539,1,31,3
3540,1,15,2
3540,2,26,3
3540,3,62,3
3540,4,85,1
3540,5,93,2
3541,1,11,2
3541,2,15,2
3541,3,34,3
3541,4,91,2
3542,1,36,3
3542,2,38,3
3542,3,63,3
3542,4,75,3
3542,5,76,1
3542,6,95,3
3542,7,97,1
3543,1,29,1
3543,2,31,2
3543,3,55,2
3543,4,64,1
3543,5,72,3
3544,1,44,1
3544,2,55,2
3544,3,57,2
3544,4,99,3
3545,1,77,1
3546,1,7,3
3546,2,46,1
3546,3,69,3
3546,4,71,2
3547,1,9,2
3547,2,13,2
3547,3,17,3
3547,4,47,3
3547,5,50,1
3547,6,67,3
3548,1,40,3
3548,2,44,2
3548,3,91,1
3549,1,61,3
3549,2,72,1
3549,3,90,3
3550,1,6,1
3550,2,23,1
3550,3,25,2
3550,4,84,3
3550,5,85,2
3551,1,8,2
3551,2,10,2
3551,3,43,2
3552,1,12,1
3552,2,13,1
3552,3,23,1
3552,4,39,1
3552,5,50,3
3553,1,18,2
3553,2,82,3
3553,3,97,2
3554,1,10,3
3554,2,43,1
3554,3,76,2
3554,4,84,3
3555,1,5,1
3555,2,26,3
3555,3,69,1
3556,1,4,2
3556,2,11,3
3556,3,13,1
3556,4,31,2
3556,5,55,3
3556,6,57,3
3556,7,60,3
3557,1,0,2
3557,2,32,3
3557,3,95,1
3558,1,84,2
3558,2,97,3
3559,1,6,3
3559,2,51,3
3559,3,70,3
3559,4,77,2
3559,5,88,1
3559,6,91,1
3560,1,9,2
3560,2,22,3
3560,3,31,1
3560,4,32,3
3560,5,55,3
3560,6,68,1
3560,7,72,3
3560,8,99,2
3561,1,0,1
3561,2,1,3
3561,3,9,3
3561,4,18,3
3561,5,73,1
3561,6,82,3
3562,1,36,1
3562,2,76,1
3562,3,84,1
3562,4,93,2
3563,1,26,2
3563,2,90,3
3563,3,93,1
3564,1,19,3
3564,2,35,1
3564,3,49,1
3564,4,71,3
3565,1,0,1
3565,2,33,3
3565,3,49,2
3565,4,53,1
3566,1,8,3
3566,2,62,3
3566,3,75,3
3566,4,76,1
3566,5,87,1
3566,6,95,3
3567,1,41,3
3567,2,65,2
3567,3,73,1
3568,1,7,3
3568,2,11,2
3568,3,36,3
3568,4,91,2
3568,5,92,1
3569,1,12,3
3569,2,38,2
3569,3,52,1
3569,4,79,3
3569,5,98,3
3570,1,6,2
3570,2,29,3
3570,3,99,3
3571,1,27,1
3571,2,39,1
3571,3,58,2
3571,4,61,2
3572,1,20,1
3572,2,38,2
3572,3,78,2
3572,4,80,3
3572,5,84,3
3572,6,93,2
3573,1,11,3
3573,2,17,2
3573,3,78,3
3573,4,91,3
3574,1,37,1
3574,2,47,2
3574,3,51,1
3574,4,63,2
3574,5,65,2
3574,6,81,3
3575,1,10,2
3575,2,23,3
3575,3,27,1
3575,4,34,2
3575,5,39,3
3575,6,54,1
3575,7,92,1
3576,1,25,1
3576,2,71,3
3577,1,8,3
3577,2,71,1
3577,3,86,3
3578,1,39,3
3578,2,50,3
3578,3,60,2
3579,1,4,1
3579,2,16,2
3579,3,55,2
3579,4,78,2
3580,1,8,2
3580,2,15,1
3580,3,21,3
3580,4,96,1
3581,1,4,2
3581,2,10,2
3581,3,57,1
3581,4,78,3
3582,1,78,1
3583,1,7,1
3583,2,33,2
3583,3,76,3
3583,4,83,3
3584,1,2,1
3584,2,20,2
3584,3,30,3
3584,4,77,3
3585,1,52,1
3585,2,77,1
3585,3,88,3
3586,1,18,1
3586,2,31,1
3586,3,59,3
3586,4,89,3
3587,1,29,1
3587,2,34,2
3588,1,28,2
3588,2,29,3
3588,3,75,1
3589,1,5,2
3589,2,49,1
3589,3,56,3
3589,4,79,3
3589,5,84,2
3590,1,23,2
3590,2,29,2
3590,3,47,2
3590,4,54,1
3590,5,72,2
3590,6,75,2
3591,1,58,1
3592,1,0,3
3592,2,35,3
3592,3,88,3
3593,1,25,1
3593,2,37,1
3593,3,78,1
3594,1,11,3
3594,2,14,3
3594,3,34,2
3595,1,56,3
3595,2,59,2
3595,3,61,3
3595,4,69,3
3595,5,92,3
3595,6,96,1
3596,1,1,3
3596,2,6,1
3596,3,12,2
3596,4,24,2
3597,1,7,2
3597,2,47,3
3597,3,82,3
3597,4,84,3
3598,1,2,1
3598,2,19,1
3598,3,25,2
3599,1,91,2
3600,1,22,1
3600,2,44,1
3600,3,61,3
3600,4,86,3
3601,1,2,2
3601,2,15,2
3601,3,49,1
3602,1,83,1
3603,1,22,3
3603,2,69,3
3603,3,75,1
3604,1,28,3
3604,2,66,1
3604,3,67,1
3604,4,70,3
3604,5,91,3
3605,1,43,1
3605,2,52,2
3605,3,67,1
3605,4,69,2
3605,5,84,1
3605,6,86,2
3606,1,35,1
3606,2,42,1
3606,3,88,1
3607,1,56,3
3607,2,63,3
3607,3,64,1
3608,1,40,2
3608,2,75,2
3608,3,87,2
3608,4,88,3
3609,1,25,1
3609,2,34,3
3609,3,38,1
3609,4,40,2
3609,5,43,3
3609,6,84,1
3610,1,44,2
3610,2,63,3
3610,3,66,3
3610,4,95,3
3611,1,18,2
3611,2,46,3
3611,3,57,3
3611,4,67,1
3611,5,94,1
3612,1,17,3
3612,2,22,1
3612,3,51,3
3612,4,59,1
3612,5,70,3
3612,6,73,2
3612,7,82,3
3613,1,3,2
3613,2,56,2
3613,3,69,2
3613,4,75,3
3613,5,80,2
3614,1,67,2
3614,2,76,1
3615,1,15,2
3616,1,5,1
3616,2,54,2
3616,3,96,1
3616,4,98,2
3617,1,5,1
3617,2,23,3
3617,3,94,1
3618,1,53,2
3618,2,76,2
3618,3,81,1
3618,4,91,3
3619,1,14,1
3619,2,25,3
3619,3,84,2
3620,1,5,2
3620,2,27,3
3620,3,49,3
3620,4,56,3
3620,5,70,3
3620,6,77,2
3620,7,81,1
3620,8,93,3
3621,1,51,2
3621,2,71,2
3621,3,73,1
3621,4,97,3
3622,1,10,1
3622,2,16,2
3622,3,17,3
3622,4,35,1
3622,5,76,2
3623,1,1,1
3623,2,59,3
3623,3,68,3
3624,1,21,2
3624,2,31,2
3624,3,61,3
3624,4,77,1
3625,1,44,3
3625,2,61,3
3625,3,93,3
3625,4,97,3
3626,1,0,1
3626,2,4,2
3626,3,44,1
3626,4,61,2
3626,5,78,2
3626,6,82,3
3627,1,48,2
3628,1,37,1
3628,2,60,1
3628,3,73,2
3628,4,91,2
3629,1,99,2
3630,1,25,3
3630,2,47,2
3631,1,38,3
3631,2,70,3
3631,3,93,2
3632,1,22,1
3632,2,98,1
3633,1,13,1
3633,2,42,3
3633,3,62,2
3633,4,84,1
3634,1,61,2
3635,1,5,2
3635,2,37,3
3635,3,45,3
3635,4,83,3
3635,5,97,1
3636,1,0,1
3636,2,66,1
3636,3,73,3
3636,4,78,3
3636,5,91,1
3637,1,37,1
3637,2,39,3
3637,3,48,2
3637,4,97,1
3638,1,91,1
3639,1,2,2
3639,2,17,2
3639,3,51,3
3639,4,82,1
3639,5,99,1
3640,1,7,3
3640,2,39,1
3640,3,58,2
3640,4,84,3
3641,1,27,3
3641,2,37,2
3641,3,76,3
3641,4,92,1
3642,1,6,2
3642,2,36,2
3642,3,93,1
3642,4,99,2
3643,1,10,1
3643,2,28,3
3643,3,73,1
3643,4,75,1
3643,5,89,2
3644,1,44,2
3644,2,73,2
3644,3,82,1
3644,4,83,3
3645,1,31,2
3645,2,36,3
3645,3,93,2
3645,4,97,1
3646,1,63,2
3647,1,18,2
3647,2,44,3
3647,3,57,2
3648,1,15,1
3648,2,16,3
3648,3,87,1
3648,4,90,1
3649,1,17,3
3649,2,55,2
3649,3,67,3
3650,1,3,1
3650,2,11,3
3650,3,32,3
3650,4,63,2
3650,5,73,3
3650,6,83,3
3651,1,43,2
3651,2,55,1
3651,3,58,1
3651,4,70,2
3652,1,42,2
3652,2,53,2
3652,3,88,1
3652,4,97,2
3653,1,63,1
3653,2,66,3
3653,3,91,2
3653,4,94,3
3654,1,8,2
3654,2,21,3
3654,3,33,1
3654,4,78,3
3654,5,80,2
3655,1,31,3
3655,2,32,3
3655,3,59,1
3656,1,16,3
3656,2,31,3
3657,1,99,1
3658,1,10,1
3658,2,31,1
3658,3,41,3
3658,4,55,3
3659,1,5,2
3659,2,22,1
3659,3,53,1
3659,4,55,2
3660,1,38,1
3660,2,95,3
3661,1,4,3
3661,2,56,1
3661,3,69,2
3661,4,71,2
3661,5,78,1
3662,1,1,2
3662,2,2,1
3662,3,41,2
3662,4,44,2
3662,5,50,3
3663,1,34,2
3663,2,38,2
3663,3,79,2
3663,4,91,1
3663,5,96,3
3664,1,39,3
3664,2,61,2
3664,3,74,3
3664,4,79,3
3664,5,98,2
3665,1,12,3
3665,2,32,3
3666,1,42,2
3666,2,54,3
3666,3,81,1
3666,4,86,2
3667,1,8,3
3667,2,25,2
3667,3,96,1
3668,1,0,1
3668,2,22,1
3668,3,40,1
3668,4,70,2
3668,5,86,3
3669,1,75,3
3670,1,10,3
3670,2,37,2
3670,3,64,3
3670,4,84,3
3670,5,87,2
3671,1,17,1
3671,2,21,3
3671,3,26,1
3671,4,35,1
3671,5,62,1
3671,6,67,2
3672,1,8,1
3672,2,21,3
3672,3,84,1
3673,1,25,2
3673,2,89,1
3673,3,91,2
3674,1,2,2
3674,2,46,3
3674,3,88,1
3675,1,10,3
3675,2,66,1
3675,3,69,1
3675,4,94,3
3676,1,52,2
3676,2,60,1
3676,3,61,3
3676,4,88,2
3676,5,92,2
3677,1,9,3
3677,2,73,3
3677,3,80,1
3677,4,88,1
3678,1,48,1
3678,2,55,1
3678,3,56,1
3679,1,41,1
3679,2,49,2
3679,3,85,3
3680,1,22,1
3681,1,20,2
3681,2,76,1
3682,1,27,2
3682,2,31,3
3682,3,60,1
3682,4,66,3
3682,5,91,2
3683,1,3,3
3683,2,4,2
3683,3,22,1
3683,4,26,1
3683,5,50,2
3684,1,70,1
3685,1,25,2
3685,2,61,1
3685,3,74,3
3685,4,85,3
3686,1,12,1
3686,2,74,1
3686,3,95,3
3687,1,9,3
3687,2,48,3
3687,3,71,2
3687,4,98,1
3688,1,45,2
3688,2,47,2
3688,3,61,1
3688,4,62,2
3688,5,77,3
3688,6,90,1
3688,7,96,1
3689,1,2,2
3689,2,8,2
3689,3,17,3
3689,4,62,3
3689,5,67,2
3689,6,78,1
3689,7,85,2
3690,1,25,1
3690,2,42,3
3690,3,50,3
3690,4,69,1
3690,5,75,3
3690,6,98,1
3691,1,45,2
3691,2,69,1
3691,3,77,1
3692,1,12,3
3692,2,24,2
3692,3,25,2
3692,4,44,3
3692,5,50,3
3692,6,59,2
3693,1,0,1
3693,2,46,3
3693,3,51,2
3693,4,55,3
3693,5,58,3
3693,6,95,1
3694,1,31,2
3694,2,50,3
3694,3,89,2
3694,4,91,3
3694,5,93,3
3694,6,95,3
3695,1,7,3
3695,2,12,2
3695,3,13,3
3695,4,38,2
3695,5,97,3
3696,1,30,2
3697,1,10,2
3697,2,31,1
3697,3,48,1
3697,4,77,1
3697,5,87,2
3698,1,51,1
3698,2,86,1
3698,3,99,1
3699,1,71,2
3699,2,78,2
3699,3,80,2
3700,1,10,1
3700,2,15,1
3700,3,58,1
3700,4,75,1
3701,1,5,2
3701,2,28,3
3701,3,56,1
3701,4,64,3
3701,5,93,1
3702,1,4,3
3702,2,10,1
3702,3,33,2
3702,4,54,1
3702,5,73,3
3702,6,90,1
3703,1,79,1
3703,2,91,2
3704,1,84,2
3704,2,87,3
3704,3,98,2
3705,1,22,3
3706,1,51,1
3706,2,81,3
3706,3,87,2
3706,4,90,1
3707,1,11,2
3707,2,18,2
3707,3,63,2
3707,4,66,3
3707,5,67,3
3707,6,68,3
3707,7,78,3
3708,1,16,3
3708,2,20,3
3708,3,36,3
3708,4,75,2
3709,1,8,2
3709,2,26,3
3709,3,29,2
3709,4,30,1
3709,5,99,1
3710,1,1,2
3710,2,9,3
3710,3,11,2
3710,4,32,3
3710,5,61,1
3711,1,10,3
3711,2,13,2
3711,3,28,1
3711,4,80,1
3712,1,5,3
3712,2,27,3
3712,3,80,2
3713,1,38,1
3713,2,77,3
3713,3,87,2
3714,1,45,2
3714,2,50,2
3714,3,76,2
3715,1,56,2
3715,2,84,2
3715,3,93,1
3715,4,99,3
3716,1,6,2
3716,2,10,3
3716,3,33,3
3716,4,36,3
3716,5,45,3
3716,6,52,2
3716,7,83,3
3717,1,77,3
3717,2,97,2
3718,1,12,1
3718,2,96,1
3719,1,55,3
3719,2,60,3
3719,3,70,1
3720,1,72,1
3720,2,80,1
3721,1,38,2
3721,2,43,1
3721,3,47,2
3721,4,52,3
3721,5,77,1
3722,1,2,1
3722,2,5,2
3722,3,31,3
3722,4,34,3
3722,5,36,2
3722,6,84,3
3723,1,22,2
3723,2,52,2
3723,3,53,2
3723,4,83,2
3723,5,92,1
3724,1,30,3
3724,2,47,1
3724,3,94,2
3724,4,99,1
3725,1,28,2
3725,2,37,2
3725,3,87,3
3726,1,3,2
3726,2,25,1
3726,3,31,1
3726,4,72,3
3726,5,75,3
3727,1,6,1
3727,2,35,2
3727,3,44,1
3727,4,55,3
3727,5,87,3
3727,6,90,1
3728,1,6,3
3728,2,50,2
3728,3,74,2
3728,4,82,2
3729,1,22,1
3730,1,22,2
3730,2,43,1
3731,1,8,3
3731,2,9,2
3731,3,10,1
3731,4,18,2
3731,5,22,2
3731,6,62,1
3732,1,14,1
3732,2,57,1
3732,3,59,2
3732,4,68,2
3733,1,7,1
3733,2,69,3
3733,3,86,2
3733,4,92,1
3734,1,68,2
3734,2,85,1
3734,3,91,2
3735,1,0,2
3735,2,21,2
3735,3,22,1
3735,4,58,2
3735,5,61,1
3736,1,69,2
3736,2,96,2
3736,3,97,2
3737,1,0,1
3737,2,13,1
3737,3,17,2
3738,1,89,2
3739,1,27,3
3739,2,38,1
3739,3,47,1
3739,4,93,2
3740,1,12,2
3740,2,25,2
3740,3,31,1
3740,4,72,1
3740,5,91,2
3741,1,10,3
3741,2,28,2
3741,3,67,3
3741,4,69,3
3741,5,83,2
3742,1,2,2
3742,2,83,2
3743,1,22,1
3743,2,24,3
3743,3,48,1
3743,4,76,1
3744,1,22,3
3744,2,33,2
3744,3,45,1
3744,4,67,1
3744,5,77,3
3745,1,1,2
3745,2,20,2
3745,3,82,2
3745,4,83,1
3746,1,83,3
3746,2,94,2
3746,3,99,3
3747,1,19,3
3747,2,59,1
3747,3,93,1
3748,1,4,1
3748,2,20,3
3748,3,30,3
3748,4,34,3
3748,5,35,1
3748,6,55,1
3748,7,78,3
3749,1,15,3
3749,2,22,3
3749,3,36,2
3749,4,60,2
3749,5,99,1
3750,1,2,1
3750,2,48,3
3750,3,59,3
3751,1,24,3
3751,2,59,2
3751,3,74,3
3751,4,83,3
3751,5,91,2
3752,1,4,3
3752,2,18,3
3752,3,23,1
3752,4,45,2
3752,5,63,3
3753,1,81,2
3754,1,1,1
3754,2,17,1
3754,3,20,2
3754,4,32,1
3754,5,36,1
3755,1,18,3
3755,2,20,3
3755,3,40,2
3755,4,45,3
3756,1,30,1
3756,2,40,1
3756,3,72,3
3757,1,15,2
3757,2,49,2
3757,3,59,3
3757,4,61,1
3757,5,64,1
3758,1,47,1
3759,1,10,1
3759,2,13,2
3759,3,38,1
3759,4,95,1
3759,5,97,1
3760,1,30,2
3760,2,64,2
3760,3,93,2
3761,1,22,1
3761,2,27,1
3761,3,31,3
3761,4,37,3
3761,5,58,2
3762,1,56,3
3762,2,74,3
3762,3,76,3
3762,4,86,2
3763,1,31,1
3763,2,76,3
3763,3,81,2
3763,4,96,1
3763,5,98,1
3764,1,22,2
3764,2,44,1
3764,3,59,2
3764,4,64,1
3764,5,70,2
3764,6,95,1
3765,1,5,1
3765,2,63,1
3765,3,68,1
3765,4,89,2
3765,5,91,3
3766,1,26,3
3766,2,46,2
3767,1,50,2
3767,2,69,1
3767,3,70,1
3767,4,78,2
3767,5,94,2
3767,6,95,3
3768,1,5,3
3768,2,54,3
3768,3,61,2
3768,4,95,3
3768,5,99,2
3769,1,1,2
3769,2,31,2
3769,3,41,1
3769,4,59,3
3769,5,85,1
3770,1,23,3
3770,2,65,1
3771,1,22,3
3771,2,27,3
3771,3,30,2
3771,4,63,1
3772,1,69,2
3772,2,81,2
3772,3,99,1
3773,1,0,2
3773,2,6,2
3773,3,35,2
3773,4,91,1
3774,1,0,3
3774,2,26,1
3774,3,34,1
3774,4,37,1
3774,5,56,3
3774,6,85,3
3775,1,2,2
3775,2,18,1
3775,3,33,3
3776,1,21,3
3776,2,68,1
3776,3,76,3
3777,1,2,2
3777,2,36,2
3777,3,44,1
3777,4,76,2
3777,5,88,2
3777,6,98,2
3778,1,8,2
3778,2,29,1
3778,3,30,1
3778,4,59,1
3778,5,60,3
3778,6,83,3
3779,1,47,2
3779,2,83,1
3779,3,98,2
3780,1,32,3
3780,2,95,2
3781,1,16,2
3781,2,33,1
3781,3,37,1
3781,4,62,3
3782,1,34,1
3782,2,43,3
3782,3,75,3
3783,1,36,1
3783,2,47,1
3783,3,61,3
3783,4,63,1
3783,5,91,3
3783,6,92,2
3784,1,32,1
3784,2,48,1
3784,3,62,3
3784,4,80,3
3785,1,13,2
3785,2,22,2
3785,3,44,3
3785,4,99,1
3786,1,13,2
3786,2,18,3
3786,3,36,3
3786,4,47,1
3786,5,60,1
3786,6,63,3
3786,7,66,1
3787,1,26,2
3787,2,43,2
3787,3,52,1
3788,1,3,3
3788,2,21,2
3788,3,25,1
3788,4,33,1
3788,5,69,2
3789,1,11,3
3789,2,33,3
3789,3,68,1
3789,4,93,2
3790,1,25,1
3790,2,39,1
3790,3,50,1
3790,4,59,1
3790,5,79,1
3790,6,98,2
3790,7,99,3
3791,1,16,2
3791,2,48,1
3791,3,72,1
3791,4,75,3
3791,5,93,3
3792,1,6,3
3792,2,57,2
3792,3,71,2
3792,4,90,2
3793,1,11,2
3793,2,43,1
3793,3,67,1
3793,4,77,1
3794,1,0,2
3794,2,3,1
3794,3,18,2
3794,4,33,2
3794,5,55,1
3794,6,75,2
3795,1,27,3
3795,2,61,1
3795,3,70,2
3795,4,88,2
3796,1,13,2
3796,2,24,2
3796,3,34,3
3796,4,68,2
3797,1,4,3
3797,2,14,1
3797,3,51,2
3797,4,66,2
3797,5,86,1
3798,1,13,3
3798,2,24,2
3798,3,69,3
3798,4,70,1
3798,5,94,1
3799,1,13,2
3799,2,70,2
3799,3,97,1
3800,1,2,3
3800,2,77,2
3800,3,93,3
3801,1,68,2
3802,1,9,2
3802,2,40,2
3802,3,61,2
3802,4,79,3
3802,5,82,2
3803,1,43,2
3803,2,60,2
3803,3,89,1
3803,4,91,3
3804,1,22,2
3804,2,44,1
3804,3,99,3
3805,1,11,3
3805,2,63,2
3805,3,85,3
3806,1,15,2
3806,2,55,3
3806,3,66,1
3807,1,19,2
3807,2,73,3
3808,1,7,2
3808,2,22,3
3808,3,37,3
3808,4,57,2
3808,5,87,2
3809,1,1,1
3809,2,14,1
3809,3,41,3
3809,4,49,2
3809,5,70,1
3810,1,0,2
3810,2,7,3
3810,3,13,1
3810,4,40,3
3810,5,71,3
3811,1,22,1
3811,2,30,1
3811,3,54,3
3811,4,75,3
3811,5,80,1
3811,6,90,3
3812,1,10,3
3812,2,29,2
3812,3,50,2
3812,4,57,1
3812,5,85,3
3812,6,97,1
3813,1,19,2
3813,2,23,2
3813,3,28,1
3813,4,76,1
3813,5,95,2
3814,1,10,2
3814,2,36,3
3814,3,72,3
3815,1,6,3
3815,2,49,3
3815,3,51,3
3816,1,10,1
3816,2,22,3
3816,3,46,1
3816,4,71,1
3816,5,75,1
3817,1,27,1
3817,2,63,1
3817,3,89,1
3817,4,91,3
3818,1,31,2
3818,2,70,2
3819,1,76,2
3819,2,91,3
3819,3,95,2
3820,1,24,1
3820,2,61,2
3821,1,31,3
3821,2,43,3
3821,3,52,3
3821,4,81,1
3821,5,95,3
3822,1,2,2
3822,2,15,2
3822,3,50,2
3822,4,61,2
3823,1,22,3
3823,2,60,1
3823,3,70,2
3824,1,66,3
3824,2,68,2
3824,3,71,2
3824,4,73,3
3824,5,99,1
3825,1,6,2
3825,2,40,3
3825,3,45,3
3825,4,88,3
3825,5,99,1
3826,1,31,1
3826,2,36,1
3826,3,63,2
3826,4,88,2
3826,5,94,1
3827,1,23,3
3827,2,29,2
3827,3,77,3
3827,4,84,2
3827,5,93,2
3828,1,42,2
3828,2,97,3
3828,3,98,1
3829,1,6,3
3829,2,20,1
3829,3,68,1
3829,4,72,3
3830,1,6,2
3830,2,10,1
3830,3,55,1
3830,4,79,1
3830,5,95,1
3831,1,11,3
3831,2,50,3
3831,3,59,2
3831,4,84,3
3831,5,95,1
3832,1,22,1
3832,2,27,1
3832,3,45,1
3832,4,68,1
3832,5,99,1
3833,1,4,3
3833,2,93,1
3834,1,7,3
3834,2,33,1
3834,3,49,1
3834,4,50,2
3834,5,58,3
3834,6,97,3
3835,1,41,3
3835,2,61,3
3835,3,84,2
3835,4,91,1
3836,1,9,2
3836,2,21,3
3836,3,22,3
3836,4,35,1
3836,5,40,2
3837,1,10,1
3837,2,17,1
3837,3,20,3
3837,4,33,3
3837,5,80,2
3838,1,23,2
3838,2,34,1
3838,3,80,3
3838,4,91,2
3839,1,33,3
3839,2,66,2
3839,3,94,1
3840,1,9,3
3840,2,14,3
3840,3,61,2
3841,1,6,1
3841,2,40,2
3841,3,46,3
3841,4,55,2
3841,5,73,2
3842,1,4,3
3842,2,20,3
3842,3,31,1
3842,4,55,2
3842,5,56,3
3842,6,99,1
3843,1,63,1
3844,1,17,3
3844,2,22,2
3844,3,86,3
3844,4,95,1
3845,1,9,3
3845,2,57,2
3845,3,72,2
3845,4,87,2
3845,5,99,2
3846,1,15,1
3846,2,50,2
3846,3,69,2
3846,4,76,3
3847,1,6,2
3847,2,10,2
3847,3,19,1
3847,4,26,1
3847,5,50,3
3847,6,69,1
3847,7,99,3
3848,1,79,3
3848,2,99,3
3849,1,31,1
3849,2,32,2
3849,3,93,3
3849,4,95,3
3849,5,96,1
3850,1,8,3
3850,2,49,3
3850,3,58,1
3850,4,67,3
3850,5,90,2
3851,1,63,3
3852,1,19,2
3852,2,34,2
3852,3,44,2
3852,4,66,2
3853,1,63,2
3853,2,75,2
3854,1,25,2
3854,2,40,2
3854,3,62,3
3854,4,73,3
3854,5,90,2
3855,1,30,2
3855,2,33,1
3855,3,56,2
3855,4,71,2
3856,1,22,2
3856,2,28,1
3856,3,32,1
3856,4,43,3
3856,5,65,1
3857,1,51,3
3857,2,75,3
3857,3,90,2
3857,4,99,1
3858,1,10,3
3858,2,15,1
3858,3,17,2
3858,4,53,1
3858,5,58,3
3859,1,33,1
3859,2,42,2
3859,3,48,1
3859,4,70,1
3860,1,40,3
3860,2,98,1
3860,3,99,3
3861,1,10,2
3861,2,17,1
3861,3,38,3
3861,4,44,2
3861,5,83,2
3861,6,99,2
3862,1,22,2
3862,2,39,3
3862,3,89,1
3862,4,99,3
3863,1,0,3
3863,2,6,2
3863,3,20,1
3863,4,40,3
3863,5,61,1
3863,6,71,1
3864,1,4,2
3864,2,45,2
3864,3,78,3
3864,4,80,1
3865,1,17,1
3865,2,55,2
3865,3,57,3
3865,4,82,1
3866,1,8,1
3866,2,21,3
3866,3,31,1
3866,4,52,1
3866,5,86,3
3866,6,95,1
3867,1,17,2
3867,2,24,3
3867,3,25,3
3867,4,99,2
3868,1,52,1
3869,1,23,3
3869,2,83,2
3869,3,91,3
3869,4,92,2
3870,1,34,1
3870,2,47,1
3870,3,53,2
3870,4,60,3
3870,5,65,2
3871,1,13,3
3871,2,28,3
3871,3,80,1
3871,4,90,1
3872,1,73,2
3872,2,94,2
3873,1,34,2
3873,2,39,2
3874,1,13,2
3874,2,32,3
3874,3,42,2
3874,4,58,3
3875,1,1,2
3875,2,45,1
3875,3,73,3
3875,4,95,1
3876,1,12,2
3876,2,17,3
3876,3,50,3
3876,4,61,3
3876,5,84,1
3877,1,33,1
3877,2,65,1
3877,3,86,2
3877,4,95,2
3878,1,17,1
3878,2,82,1
3878,3,86,1
3879,1,43,3
3879,2,45,1
3879,3,53,1
3879,4,68,1
3879,5,98,2
3880,1,2,3
3880,2,37,2
3880,3,43,3
3880,4,94,3
3881,1,10,1
3881,2,25,2
3881,3,39,1
3881,4,40,2
3882,1,15,2
3882,2,19,1
3882,3,20,3
3882,4,26,3
3883,1,11,3
3883,2,21,2
3884,1,14,2
3885,1,41,3
3885,2,68,1
3885,3,75,2
3886,1,8,2
3886,2,17,2
3886,3,23,1
3886,4,25,1
3886,5,65,2
3886,6,68,2
3886,7,82,2
3886,8,96,1
3887,1,16,2
3887,2,34,3
3887,3,71,3
3887,4,82,2
3888,1,12,3
3888,2,38,1
3888,3,53,1
3888,4,64,3
3888,5,72,3
3888,6,97,2
3889,1,6,2
3889,2,22,2
3889,3,73,3
3889,4,85,3
3890,1,44,3
3890,2,46,1
3890,3,87,2
3891,1,8,2
3891,2,31,1
3891,3,39,1
3891,4,63,2
3891,5,68,3
3891,6,97,3
3892,1,29,2
3892,2,89,3
3893,1,1,2
3893,2,47,2
3893,3,77,3
3893,4,90,1
3893,5,95,3
3894,1,14,3
3894,2,31,1
3894,3,32,2
3894,4,40,3
3894,5,52,3
3894,6,60,2
3894,7,74,1
3895,1,0,3
3895,2,46,3
3895,3,49,3
3896,1,30,3
3896,2,54,1
3896,3,55,1
3896,4,64,1
3897,1,13,2
3897,2,17,2
3897,3,58,2
3898,1,12,2
3898,2,13,1
3898,3,33,3
3898,4,39,2
3898,5,60,1
3898,6,61,2
3898,7,67,1
3898,8,70,2
3899,1,29,1
3899,2,36,3
3899,3,60,2
3900,1,41,1
3900,2,57,1
3900,3,78,2
3901,1,34,1
3901,2,44,3
3901,3,84,1
3901,4,93,3
3901,5,98,1
3902,1,64,1
3902,2,70,1
3902,3,77,1
3902,4,84,1
3902,5,87,2
3903,1,0,1
3903,2,70,2
3903,3,73,1
3903,4,99,2
3904,1,11,3
3904,2,19,3
3904,3,89,3
3904,4,94,3
3904,5,99,3
3905,1,12,2
3905,2,13,2
3905,3,50,1
3906,1,8,1
3906,2,11,1
3906,3,47,2
3906,4,93,1
3907,1,25,1
3907,2,71,3
3907,3,73,1
3907,4,99,1
3908,1,15,1
3908,2,93,1
3909,1,17,2
3909,2,33,1
3909,3,69,1
3909,4,77,1
3909,5,90,3
3910,1,9,2
3910,2,33,1
3910,3,67,3
3910,4,73,2
3911,1,66,3
3911,2,67,1
3911,3,74,3
3911,4,96,3
3912,1,25,2
3912,2,37,3
3912,3,82,2
3912,4,85,3
3913,1,6,1
3913,2,27,3
3913,3,32,1
3913,4,73,3
3914,1,23,1
3914,2,41,3
3914,3,58,1
3914,4,73,2
3914,5,82,3
3914,6,83,2
3915,1,55,2
3915,2,77,1
3915,3,82,2
3915,4,92,1
3915,5,95,3
3915,6,99,2
3916,1,6,1
3916,2,25,2
3916,3,43,3
3916,4,62,3
3917,1,16,2
3917,2,23,1
3917,3,94,2
3918,1,16,2
3918,2,46,2
3918,3,54,2
3918,4,55,2
3918,5,61,3
3919,1,48,3
3919,2,49,3
3919,3,53,2
3919,4,72,2
3919,5,75,2
3920,1,31,1
3920,2,35,1
3920,3,51,3
3920,4,62,2
3920,5,71,1
3921,1,4,1
3921,2,8,1
3921,3,9,3
3921,4,65,1
3921,5,77,3
3921,6,81,2
3922,1,16,1
3922,2,25,1
3922,3,38,3
3922,4,47,3
3922,5,61,2
3922,6,75,1
3923,1,8,2
3923,2,44,2
3923,3,91,3
3923,4,98,2
3924,1,32,3
3924,2,61,2
3924,3,88,1
3925,1,32,1
3925,2,35,3
3925,3,84,3
3925,4,93,2
3925,5,96,3
3926,1,2,1
3926,2,32,2
3926,3,35,3
3926,4,86,3
3927,1,18,2
3927,2,50,1
3927,3,55,1
3927,4,69,2
3928,1,3,1
3928,2,20,1
3928,3,26,1
3928,4,31,2
3928,5,99,2
3929,1,4,1
3929,2,19,2
3929,3,28,2
3929,4,66,1
3929,5,75,3
3929,6,88,2
3930,1,1,3
3930,2,50,3
3930,3,55,1
3931,1,59,3
3931,2,80,2
3932,1,25,1
3932,2,35,2
3932,3,41,2
3932,4,50,3
3933,1,35,2
3933,2,43,2
3933,3,58,1
3933,4,67,2
3934,1,44,2
3934,2,79,3
3934,3,80,3
3935,1,17,1
3935,2,32,1
3935,3,43,2
3935,4,76,3
3936,1,3,1
3936,2,50,3
3936,3,55,3
3936,4,60,2
3937,1,22,1
3937,2,31,1
3937,3,32,3
3937,4,36,1
3937,5,95,3
3938,1,7,2
3938,2,15,3
3938,3,66,1
3938,4,70,3
3938,5,98,2
3939,1,22,1
3939,2,52,2
3939,3,74,1
3939,4,76,2
3939,5,86,2
3940,1,11,3
3940,2,40,1
3940,3,59,1
3940,4,77,2
3941,1,10,1
3941,2,53,2
3941,3,60,2
3941,4,69,2
3941,5,75,3
3942,1,11,2
3942,2,31,3
3942,3,32,1
3942,4,60,1
3942,5,80,3
3943,1,65,3
3943,2,69,2
3943,3,74,2
3943,4,82,3
3943,5,97,2
3944,1,17,1
3944,2,25,2
3944,3,61,3
3944,4,82,1
3945,1,10,1
3945,2,81,1
3945,3,84,1
3946,1,88,1
3946,2,92,3
3947,1,0,2
3947,2,15,3
3947,3,18,2
3947,4,78,1
3948,1,1,3
3948,2,15,3
3948,3,39,1
3948,4,41,1
3948,5,54,1
3948,6,61,2
3949,1,79,2
3950,1,6,2
3950,2,22,2
3950,3,35,3
3950,4,74,1
3950,5,75,2
3950,6,85,3
3951,1,31,2
3951,2,86,2
3952,1,10,2
3952,2,37,2
3952,3,53,2
3952,4,55,1
3952,5,95,1
3953,1,39,1
3953,2,41,3
3953,3,81,3
3954,1,8,3
3954,2,10,2
3954,3,75,1
3955,1,14,2
3955,2,24,3
3955,3,30,2
3955,4,40,3
3955,5,48,1
3955,6,88,1
3956,1,31,1
3956,2,32,1
3956,3,67,2
3956,4,95,2
3957,1,12,2
3957,2,15,3
3957,3,41,1
3957,4,61,1
3957,5,74,1
3957,6,80,1
3958,1,45,1
3958,2,87,3
3959,1,4,3
3959,2,32,3
3959,3,35,2
3959,4,58,1
3959,5,61,3
3959,6,71,2
3959,7,75,1
3960,1,10,1
3960,2,16,3
3960,3,31,3
3960,4,59,1
3960,5,67,2
3960,6,98,3
3961,1,11,2
3961,2,63,1
3961,3,83,3
3961,4,89,1
3962,1,2,3
3962,2,42,2
3962,3,75,2
3963,1,16,1
3963,2,64,2
3963,3,77,1
3963,4,88,2
3964,1,37,1
3964,2,71,1
3965,1,22,3
3965,2,35,1
3965,3,70,1
3966,1,62,2
3966,2,66,1
3966,3,91,1
3966,4,92,1
3967,1,20,2
3967,2,28,3
3967,3,30,3
3967,4,52,2
3967,5,93,2
3967,6,99,2
3968,1,2,1
3968,2,61,3
3968,3,74,1
3968,4,79,1
3969,1,6,2
3969,2,11,2
3969,3,22,3
3969,4,84,1
3969,5,91,1
3970,1,38,1
3970,2,75,1
3970,3,86,3
3971,1,20,2
3971,2,77,2
3971,3,81,3
3971,4,89,3
3972,1,24,3
3972,2,49,1
3972,3,70,2
3973,1,8,3
3973,2,31,3
3973,3,32,3
3973,4,84,3
3973,5,85,2
3973,6,96,1
3974,1,40,2
3974,2,69,2
3974,3,95,2
3974,4,99,1
3975,1,34,2
3975,2,66,1
3976,1,2,2
3976,2,26,2
3976,3,60,3
3976,4,77,3
3976,5,93,1
3977,1,3,2
3977,2,17,1
3977,3,18,2
3977,4,55,2
3977,5,56,3
3977,6,98,3
3978,1,71,1
3978,2,78,2
3978,3,83,2
3978,4,85,3
3978,5,99,2
3979,1,29,3
3979,2,31,1
3979,3,55,2
3979,4,80,1
3980,1,63,1
3980,2,66,1
3980,3,89,3
3980,4,91,3
3980,5,98,3
3981,1,31,2
3981,2,34,2
3981,3,48,3
3981,4,57,2
3981,5,85,3
3982,1,4,1
3982,2,9,3
3982,3,22,1
3982,4,68,3
3982,5,73,1
3983,1,5,2
3983,2,16,1
3983,3,76,3
3984,1,58,1
3984,2,79,3
3985,1,0,3
3985,2,28,2
3985,3,48,3
3985,4,50,1
3985,5,74,3
3986,1,22,3
3986,2,28,3
3986,3,29,2
3986,4,30,2
3986,5,56,3
3986,6,90,1
3986,7,92,1
3987,1,17,1
3987,2,22,2
3987,3,25,3
3987,4,95,3
3988,1,46,2
3988,2,55,1
3988,3,65,3
3988,4,75,3
3988,5,90,2
3988,6,98,2
3989,1,2,3
3989,2,6,3
3989,3,25,3
3989,4,29,2
3989,5,75,1
3990,1,8,3
3990,2,29,2
3990,3,47,1
3990,4,60,1
3991,1,45,3
3992,1,4,1
3992,2,26,2
3992,3,53,2
3992,4,56,3
3992,5,61,2
3992,6,75,1
3993,1,34,3
3993,2,61,2
3993,3,65,1
3993,4,80,3
3993,5,87,2
3994,1,14,2
3994,2,33,3
3994,3,37,3
3994,4,78,2
3994,5,87,2
3995,1,1,2
3995,2,25,1
3995,3,36,1
3995,4,61,2
3995,5,75,2
3996,1,0,1
3996,2,31,3
3996,3,40,2
3996,4,42,1
3996,5,54,1
3996,6,67,1
3996,7,84,2
3996,8,99,1
3997,1,15,3
3997,2,35,3
3997,3,36,1
3997,4,50,1
3997,5,90,3
3998,1,25,1
3998,2,33,2
3998,3,74,1
3998,4,84,2
3998,5,97,1
3999,1,21,1
3999,2,22,2
3999,3,36,2
3999,4,66,2
3999,5,89,2
4000,1,22,3
4000,2,40,3
4000,3,63,1
4000,4,99,3
4001,1,30,2
4001,2,38,2
4001,3,67,1
4002,1,19,2
4002,2,28,2
4003,1,44,2
4003,2,48,1
4003,3,51,1
4003,4,93,1
4003,5,94,2
4003,6,99,3
4004,1,5,3
4004,2,26,3
4004,3,44,1
4004,4,83,3
4005,1,12,3
4005,2,22,3
4005,3,41,3
4005,4,64,3
4005,5,85,3
4005,6,99,3
4006,1,10,2
4006,2,23,1
4006,3,25,1
4006,4,86,2
4007,1,1,3
4007,2,22,1
4007,3,24,1
4007,4,36,3
4007,5,41,1
4007,6,43,2
4007,7,73,2
4008,1,16,1
4008,2,22,3
4008,3,46,1
4008,4,51,3
4008,5,72,1
4009,1,32,2
4009,2,45,1
4009,3,65,1
4009,4,83,1
4010,1,32,1
4010,2,39,2
4010,3,71,1
4010,4,73,2
4010,5,92,2
4011,1,44,1
4011,2,65,2
4012,1,8,1
4012,2,50,1
4012,3,93,3
4013,1,72,1
4013,2,78,3
4014,1,15,3
4014,2,33,1
4014,3,37,3
4014,4,99,1
4015,1,1,3
4015,2,5,2
4015,3,10,3
4015,4,26,3
4015,5,44,3
4015,6,88,2
4016,1,40,2
4016,2,57,3
4016,3,82,2
4017,1,31,3
4017,2,33,3
4017,3,50,2
4017,4,56,3
4018,1,63,3
4018,2,85,2
4018,3,92,3
4019,1,3,2
4019,2,47,1
4019,3,48,1
4020,1,18,3
4020,2,22,3
4020,3,48,1
4020,4,60,1
4020,5,92,2
4021,1,9,3
4021,2,26,2
4021,3,71,3
4021,4,78,3
4022,1,42,3
4022,2,48,2
4022,3,72,1
4022,4,85,2
4023,1,7,2
4023,2,20,1
4023,3,70,2
4023,4,72,3
4024,1,2,1
4024,2,9,3
4024,3,44,3
4024,4,50,2
4024,5,74,2
4024,6,75,1
4024,7,91,3
4025,1,11,2
4025,2,34,1
4025,3,49,1
4025,4,60,3
4025,5,66,1
4026,1,18,3
4026,2,92,1
4027,1,12,2
4027,2,69,3
4027,3,74,3
4027,4,93,1
4028,1,14,2
4028,2,15,3
4028,3,17,1
4028,4,27,3
4028,5,50,2
4029,1,19,1
4029,2,99,1
4030,1,65,2
4030,2,87,2
4030,3,96,2
4031,1,4,3
4031,2,10,1
4031,3,21,1
4031,4,53,2
4031,5,61,1
4031,6,69,1
4032,1,29,1
4032,2,61,3
4032,3,68,1
4032,4,74,2
4032,5,89,3
4033,1,44,3
4033,2,98,3
4034,1,0,3
4034,2,33,3
4034,3,35,1
4034,4,75,2
4034,5,76,1
4035,1,3,3
4035,2,75,1
4035,3,89,3
4036,1,6,3
4036,2,8,1
4036,3,39,2
4036,4,52,3
4036,5,76,2
4037,1,18,2
4038,1,15,3
4038,2,17,3
4038,3,52,2
4038,4,88,3
4039,1,46,2
4039,2,60,3
4039,3,69,2
4039,4,91,2
4040,1,3,2
4040,2,37,2
4040,3,63,1
4040,4,92,2
4041,1,2,3
4041,2,14,3
4041,3,44,1
4041,4,52,2
4041,5,69,1
4041,6,82,2
4042,1,31,1
4042,2,81,1
4042,3,95,3
4043,1,19,2
4043,2,20,1
4043,3,33,2
4043,4,39,2
4043,5,86,2
4044,1,24,2
4044,2,29,1
4045,1,73,3
4045,2,90,3
4046,1,3,1
4046,2,29,2
4046,3,72,2
4046,4,83,2
4047,1,8,3
4047,2,21,3
4047,3,38,1
4047,4,87,2
4047,5,93,3
4048,1,26,3
4048,2,92,1
4048,3,99,1
4049,1,59,1
4049,2,61,2
4050,1,0,3
4051,1,51,1
4051,2,68,3
4051,3,83,1
4052,1,11,2
4052,2,27,3
4052,3,47,3
4052,4,92,2
4053,1,19,2
4053,2,20,3
4053,3,67,1
4053,4,77,1
4054,1,21,2
4054,2,56,2
4054,3,57,1
4054,4,89,2
4054,5,93,2
4055,1,2,1
4055,2,24,2
4055,3,70,3
4056,1,47,3
4056,2,75,2
4057,1,2,3
4057,2,38,2
4057,3,41,1
4057,4,49,1
4058,1,19,3
4058,2,69,2
4058,3,93,3
4059,1,58,1
4059,2,62,1
4059,3,65,3
4060,1,0,2
4060,2,22,3
4060,3,31,1
4060,4,82,3
4060,5,98,3
4061,1,9,2
4061,2,26,1
4061,3,49,2
4061,4,88,3
4062,1,0,2
4062,2,40,1
4062,3,71,3
4062,4,73,3
4063,1,25,1
4063,2,37,1
4063,3,42,3
4063,4,61,3
4064,1,23,3
4064,2,42,1
4064,3,70,2
4064,4,73,2
4064,5,81,1
4064,6,86,1
4064,7,99,1
4065,1,16,1
4065,2,45,1
4065,3,94,3
4066,1,13,1
4066,2,32,2
4067,1,5,3
4067,2,11,3
4067,3,22,2
4067,4,63,1
4067,5,65,1
4067,6,87,2
4068,1,29,1
4068,2,48,2
4068,3,56,2
4068,4,85,2
4068,5,90,3
4069,1,5,3
4069,2,12,2
4069,3,36,2
4069,4,68,3
4069,5,76,1
4069,6,89,2
4070,1,0,3
4070,2,20,3
4070,3,25,3
4070,4,49,1
4070,5,99,1
4071,1,0,1
4071,2,3,3
4071,3,26,3
4071,4,47,3
4071,5,55,1
4071,6,57,3
4071,7,99,1
4072,1,29,1
4073,1,15,2
4073,2,48,1
4073,3,49,3
4073,4,53,1
4073,5,54,3
4074,1,45,3
4074,2,52,1
4074,3,87,1
4074,4,95,3
4075,1,2,1
4075,2,31,3
4075,3,60,1
4076,1,10,2
4076,2,46,2
4076,3,84,2
4076,4,87,2
4077,1,10,2
4077,2,33,1
4077,3,50,3
4077,4,60,1
4077,5,93,1
4078,1,31,3
4078,2,35,2
4078,3,83,3
4078,4,93,1
4079,1,2,2
4079,2,47,1
4080,1,25,3
4080,2,37,1
4080,3,47,3
4080,4,97,3
4081,1,19,1
4081,2,25,1
4081,3,41,1
4081,4,65,1
4082,1,10,3
4082,2,33,1
4082,3,56,2
4082,4,72,1
4082,5,75,1
4083,1,18,1
4083,2,33,1
4083,3,54,2
4084,1,74,2
4084,2,91,1
4085,1,14,1
4085,2,21,2
4085,3,32,3
4086,1,10,3
4086,2,20,2
4086,3,46,1
4086,4,83,1
4086,5,86,2
4087,1,31,1
4087,2,34,2
4087,3,63,3
4087,4,87,2
4088,1,0,2
4088,2,15,3
4088,3,20,3
4088,4,36,2
4088,5,42,2
4089,1,16,2
4089,2,30,1
4089,3,72,2
4089,4,90,3
4090,1,1,1
4090,2,15,3
4090,3,24,1
4090,4,25,1
4090,5,34,1
4090,6,98,1
4091,1,7,3
4091,2,36,3
4091,3,44,1
4091,4,70,1
4092,1,8,3
4092,2,49,2
4092,3,67,3
4092,4,87,2
4092,5,95,1
4093,1,70,2
4094,1,2,2
4094,2,7,3
4094,3,11,2
4094,4,15,1
4094,5,99,1
4095,1,13,3
4095,2,68,1
4095,3,76,1
4095,4,79,3
4096,1,46,2
4096,2,55,2
4097,1,31,3
4097,2,42,1
4097,3,65,2
4097,4,95,3
4097,5,99,1
4098,1,65,1
4098,2,83,2
4099,1,2,3
4099,2,17,1
4099,3,34,3
4099,4,74,1
4099,5,76,2
4100,1,6,1
4100,2,9,2
4100,3,38,2
4100,4,99,3
4101,1,5,3
4101,2,78,3
4101,3,96,1
4102,1,4,2
4102,2,8,1
4102,3,34,1
4102,4,36,1
4102,5,67,1
4102,6,69,3
4102,7,85,1
4103,1,11,2
4103,2,94,2
4104,1,48,3
4104,2,88,1
4104,3,91,1
4104,4,95,2
4105,1,3,1
4105,2,18,3
4105,3,61,1
4105,4,69,3
4106,1,62,1
4106,2,84,3
4107,1,31,3
4107,2,43,2
4107,3,62,2
4107,4,84,2
4108,1,28,3
4108,2,41,3
4108,3,55,2
4109,1,5,1
4109,2,11,3
4109,3,71,3
4109,4,90,1
4109,5,93,3
4110,1,6,1
4110,2,68,2
4110,3,71,1
4111,1,9,3
4111,2,50,2
4111,3,57,1
4111,4,91,2
4112,1,25,1
4112,2,27,1
4112,3,43,3
4112,4,83,1
4112,5,90,1
4112,6,92,1
4113,1,20,2
4113,2,42,3
4113,3,56,1
4113,4,90,1
4114,1,10,1
4114,2,66,3
4114,3,67,1
4115,1,10,3
4115,2,55,2
4116,1,13,2
4116,2,22,2
4116,3,34,2
4116,4,65,2
4116,5,80,1
4117,1,23,1
4117,2,28,3
4117,3,51,2
4117,4,60,2
4117,5,67,2
4118,1,0,2
4118,2,31,3
4118,3,50,3
4119,1,60,1
4119,2,79,3
4119,3,97,2
4119,4,98,2
4120,1,33,2
4120,2,47,1
4120,3,69,2
4121,1,5,1
4121,2,47,1
4121,3,79,3
4121,4,91,2
4122,1,8,2
4122,2,80,2
4123,1,15,3
4123,2,24,3
4123,3,96,2
4123,4,98,3
4124,1,25,1
4124,2,88,1
4124,3,99,1
4125,1,5,2
4125,2,7,2
4125,3,16,1
4125,4,92,1
4125,5,94,2
4126,1,21,3
4126,2,22,2
4126,3,32,2
4126,4,52,2
4126,5,95,1
4127,1,32,2
4127,2,68,1
4127,3,73,2
4128,1,15,1
4128,2,49,3
4128,3,70,1
4129,1,18,1
4129,2,25,2
4129,3,59,3
4130,1,11,1
4130,2,45,1
4130,3,92,3
4131,1,21,3
4131,2,32,3
4131,3,45,2
4131,4,82,1
4132,1,0,3
4132,2,44,1
4132,3,63,1
4133,1,3,2
4133,2,25,2
4133,3,28,2
4133,4,53,1
4133,5,70,1
4134,1,38,1
4134,2,67,3
4134,3,98,2
4135,1,29,1
4135,2,30,3
4135,3,53,2
4135,4,56,2
4135,5,78,2
4135,6,82,1
4135,7,84,1
4135,8,90,1
4136,1,31,3
4136,2,38,1
4136,3,43,3
4137,1,11,1
4137,2,15,2
4137,3,25,3
4137,4,50,1
4137,5,58,2
4137,6,88,2
4138,1,28,3
4138,2,34,3
4138,3,67,1
4138,4,99,1
4139,1,37,2
4139,2,64,2
4139,3,72,3
4140,1,1,1
4140,2,26,2
4140,3,32,2
4140,4,86,2
4141,1,5,3
4141,2,37,2
4141,3,95,1
4142,1,28,2
4143,1,5,1
4143,2,23,2
4143,3,40,1
4143,4,94,2
4144,1,7,3
4144,2,8,1
4144,3,18,3
4144,4,26,2
4144,5,33,2
4145,1,9,3
4145,2,22,2
4145,3,31,1
4145,4,49,3
4145,5,64,2
4146,1,38,3
4146,2,48,1
4146,3,65,3
4147,1,2,2
4147,2,12,1
4147,3,29,1
4147,4,58,3
4148,1,4,2
4148,2,31,2
4148,3,46,1
4148,4,52,3
4148,5,70,1
4148,6,89,3
4149,1,44,3
4149,2,48,2
4149,3,69,1
4149,4,75,3
4150,1,2,3
4150,2,42,1
4150,3,48,3
4150,4,59,2
4150,5,61,1
4150,6,79,2
4150,7,98,1
4151,1,25,3
4151,2,78,2
4151,3,89,1
4151,4,97,3
4152,1,40,1
4152,2,70,1
4152,3,71,1
4152,4,99,2
4153,1,16,3
4153,2,29,1
4153,3,93,1
4154,1,84,3
4154,2,99,1
4155,1,14,1
4155,2,45,1
4155,3,54,2
4156,1,8,1
4156,2,16,1
4156,3,61,1
4157,1,0,1
4157,2,20,3
4157,3,44,1
4157,4,51,2
4158,1,23,1
4158,2,91,3
4159,1,36,1
4159,2,80,3
4160,1,2,2
4160,2,20,1
4160,3,22,2
4160,4,56,2
4161,1,17,2
4161,2,20,2
4161,3,25,3
4162,1,51,3
4162,2,62,3
4162,3,70,3
4162,4,71,2
4162,5,91,2
4163,1,8,1
4163,2,25,3
4163,3,33,2
4163,4,61,2
4163,5,67,1
4163,6,84,2
4164,1,7,1
4164,2,30,1
4164,3,33,1
4164,4,42,3
4164,5,61,2
4164,6,70,2
4164,7,84,1
4165,1,41,2
4165,2,59,2
4165,3,74,1
4165,4,98,1
4166,1,9,2
4166,2,29,3
4166,3,31,3
4166,4,43,3
4166,5,59,2
4167,1,18,3
4167,2,87,1
4167,3,99,3
4168,1,54,3
4168,2,69,3
4168,3,78,1
4168,4,90,2
4168,5,94,3
4169,1,21,3
4169,2,52,3
4169,3,60,3
4169,4,61,2
4169,5,98,3
4170,1,10,3
4170,2,56,3
4170,3,64,3
4170,4,66,1
4170,5,75,1
4170,6,81,2
4171,1,0,3
4171,2,14,1
4171,3,40,1
4172,1,5,3
4172,2,34,1
4172,3,50,2
4173,1,0,1
4173,2,15,3
4173,3,58,1
4173,4,92,2
4174,1,11,3
4174,2,52,2
4174,3,63,2
4175,1,32,3
4175,2,37,1
4175,3,64,1
4175,4,95,3
4175,5,96,2
4175,6,99,1
4176,1,61,1
4176,2,62,1
4176,3,80,1
4177,1,45,3
4177,2,67,2
4177,3,98,1
4178,1,15,2
4178,2,34,1
4178,3,68,3
4178,4,99,2
4179,1,1,1
4179,2,11,3
4180,1,27,3
4180,2,32,3
4180,3,35,1
4180,4,60,2
4180,5,61,3
4180,6,95,1
4181,1,4,2
4181,2,52,1
4181,3,53,2
4181,4,93,3
4182,1,14,1
4182,2,69,2
4182,3,85,3
4183,1,71,2
4183,2,98,2
4184,1,11,1
4184,2,39,1
4184,3,59,1
4184,4,61,1
4184,5,74,1
4185,1,25,1
4185,2,33,1
4185,3,49,2
4185,4,70,3
4186,1,58,2
4186,2,70,3
4186,3,92,3
4187,1,31,1
4187,2,82,2
4187,3,85,1
4188,1,14,1
4188,2,22,1
4188,3,64,1
4188,4,76,1
4189,1,5,3
4189,2,33,2
4190,1,55,1
4191,1,40,3
4191,2,62,2
4191,3,90,3
4192,1,0,3
4192,2,40,1
4192,3,48,1
4192,4,77,1
4192,5,79,3
4193,1,1,3
4193,2,50,3
4194,1,5,2
4194,2,55,3
4194,3,80,3
4195,1,20,3
4195,2,34,2
4195,3,67,1
4195,4,69,3
4195,5,90,1
4196,1,22,1
4196,2,36,1
4196,3,40,3
4196,4,82,2
4197,1,25,2
4197,2,36,1
4197,3,43,3
4197,4,49,3
4197,5,61,3
4197,6,79,3
4197,7,98,1
4198,1,18,3
4198,2,36,2
4198,3,63,3
4198,4,72,2
4199,1,0,3
4199,2,47,1
4199,3,55,3
4199,4,69,3
4200,1,30,1
4200,2,48,3
4200,3,49,2
4200,4,80,2
4201,1,21,3
4201,2,31,2
4202,1,1,2
4202,2,19,1
4203,1,25,3
4203,2,26,2
4203,3,29,3
4203,4,33,2
4203,5,76,3
4204,1,2,1
4204,2,7,1
4204,3,22,1
4204,4,28,1
4204,5,31,2
4204,6,42,1
4204,7,75,2
4205,1,16,3
4205,2,19,2
4205,3,21,2
4205,4,39,1
4205,5,72,1
4205,6,75,2
4205,7,91,2
4206,1,30,1
4206,2,33,1
4206,3,95,3
4207,1,5,1
4207,2,35,1
4207,3,69,1
4207,4,72,2
4208,1,0,3
4208,2,9,3
4208,3,11,2
4208,4,22,1
4208,5,31,1
4208,6,60,1
4208,7,62,1
4208,8,90,1
4209,1,15,1
4209,2,25,1
4209,3,48,3
4209,4,59,2
4209,5,97,2
4210,1,60,1
4210,2,64,1
4210,3,75,3
4210,4,95,2
4211,1,3,3
4211,2,82,1
4211,3,84,3
4211,4,99,1
4212,1,11,3
4212,2,50,3
4212,3,58,3
4212,4,90,2
4213,1,10,3
4213,2,50,1
4213,3,61,2
4213,4,67,1
4213,5,69,3
4213,6,95,3
4214,1,5,3
4214,2,28,3
4215,1,25,1
4215,2,48,3
4215,3,61,2
4215,4,70,2
4216,1,34,3
4216,2,50,1
4216,3,61,1
4216,4,74,3
4217,1,25,1
4218,1,5,2
4218,2,33,2
4218,3,41,1
4218,4,57,3
4218,5,85,2
4219,1,17,2
4219,2,20,3
4219,3,53,1
4219,4,64,1
4219,5,72,3
4220,1,32,2
4220,2,42,3
4221,1,44,1
4221,2,66,1
4222,1,5,1
4222,2,15,2
4222,3,84,2
4222,4,87,2
4222,5,91,2
4222,6,94,3
4223,1,8,1
4223,2,52,3
4223,3,95,3
4224,1,17,1
4224,2,44,3
4224,3,54,1
4224,4,69,3
4224,5,97,1
4225,1,25,1
4225,2,67,1
4225,3,68,1
4226,1,23,3
4226,2,49,1
4226,3,60,3
4226,4,67,1
4227,1,9,1
4227,2,47,3
4227,3,82,1
4228,1,32,1
4228,2,55,2
4228,3,60,2
4228,4,95,2
4229,1,8,1
4229,2,32,3
4229,3,46,3
4229,4,81,3
4230,1,17,2
4230,2,25,3
4230,3,48,1
4230,4,61,3
4230,5,85,1
4230,6,90,2
4231,1,5,2
4231,2,82,2
4231,3,91,2
4232,1,0,3
4232,2,63,2
4232,3,80,3
4233,1,4,2
4233,2,14,3
4233,3,58,3
4233,4,81,1
4234,1,0,2
4234,2,35,1
4234,3,48,1
4234,4,55,3
4234,5,57,3
4234,6,99,1
4235,1,9,1
4235,2,32,2
4235,3,40,2
4235,4,44,1
4236,1,15,1
4236,2,61,2
4236,3,88,1
4236,4,94,2
4237,1,13,2
4237,2,43,2
4238,1,0,3
4238,2,33,1
4238,3,43,1
4238,4,44,1
4238,5,55,3
4239,1,13,3
4239,2,18,1
4239,3,64,3
4239,4,68,1
4239,5,92,2
4240,1,57,3
4240,2,67,3
4240,3,80,1
4241,1,23,3
4241,2,67,2
4241,3,87,1
4241,4,95,3
4242,1,40,3
4242,2,44,3
4242,3,75,1
4242,4,98,2
4243,1,1,3
4243,2,54,3
4243,3,67,3
4243,4,85,3
4243,5,97,3
4244,1,62,3
4244,2,67,3
4244,3,90,2
4244,4,93,1
4245,1,24,3
4245,2,40,3
4246,1,31,1
4246,2,52,3
4247,1,17,2
4247,2,74,1
4247,3,85,3
4248,1,18,1
4248,2,25,1
4248,3,28,2
4248,4,32,1
4248,5,61,3
4249,1,79,3
4250,1,10,1
4250,2,11,1
4250,3,28,1
4250,4,69,2
4250,5,72,1
4250,6,98,3
4251,1,53,3
4251,2,54,3
4251,3,69,1
4252,1,0,3
4252,2,33,1
4252,3,85,2
4253,1,31,1
4253,2,77,3
4254,1,21,1
4254,2,23,3
4254,3,34,1
4255,1,12,2
4255,2,20,1
4255,3,32,3
4255,4,98,2
4256,1,8,2
4256,2,52,1
4256,3,61,1
4256,4,62,1
4256,5,85,1
4257,1,11,3
4257,2,38,2
4257,3,83,2
4258,1,39,2
4258,2,42,3
4258,3,44,2
4258,4,56,3
4258,5,94,1
4259,1,19,2
4259,2,28,2
4259,3,46,2
4259,4,81,2
4260,1,11,1
4260,2,44,3
4260,3,75,1
4260,4,88,2
4260,5,97,3
4261,1,27,2
4261,2,52,1
4262,1,9,3
4262,2,68,1
4262,3,70,3
4263,1,4,1
4263,2,42,2
4263,3,89,2
4264,1,17,2
4264,2,61,1
4264,3,69,2
4264,4,82,3
4265,1,22,3
4265,2,23,2
4265,3,40,3
4265,4,73,2
4265,5,99,1
4266,1,34,3
4266,2,80,1
4266,3,91,3
4267,1,24,2
4267,2,53,1
4268,1,6,3
4268,2,7,1
4268,3,17,1
4268,4,26,3
4269,1,8,1
4269,2,22,3
4269,3,31,2
4269,4,94,3
4270,1,6,2
4270,2,14,3
4270,3,37,2
4270,4,63,3
4270,5,95,3
4271,1,13,1
4271,2,22,3
4271,3,61,2
4271,4,91,1
4271,5,94,3
4272,1,2,2
4272,2,46,3
4272,3,70,3
4273,1,4,1
4273,2,25,3
4273,3,39,2
4273,4,61,2
4274,1,27,1
4274,2,69,1
4275,1,17,2
4275,2,48,1
4275,3,61,1
4275,4,97,2
4276,1,3,2
4276,2,26,3
4276,3,32,2
4276,4,46,3
4276,5,69,3
4277,1,57,2
4277,2,93,2
4277,3,95,2
4278,1,2,2
4278,2,24,1
4278,3,49,2
4278,4,58,3
4278,5,59,2
4279,1,3,2
4279,2,51,1
4279,3,71,1
4279,4,86,2
4280,1,22,1
4280,2,61,3
4280,3,87,2
4281,1,47,1
4282,1,15,2
4282,2,27,2
4282,3,28,2
4282,4,91,2
4283,1,5,1
4283,2,48,3
4283,3,74,3
4283,4,87,1
4284,1,63,3
4284,2,68,1
4285,1,59,3
4285,2,62,2
4285,3,88,2
4286,1,36,1
4286,2,37,1
4286,3,66,3
4286,4,80,1
4286,5,91,2
4287,1,35,3
4287,2,65,2
4287,3,67,2
4287,4,79,3
4288,1,10,2
4288,2,22,2
4288,3,23,1
4288,4,26,1
4288,5,75,3
4288,6,80,2
4289,1,17,1
4289,2,71,3
4289,3,94,3
4290,1,43,3
4290,2,53,3
4290,3,78,2
4291,1,0,1
4291,2,17,1
4291,3,22,2
4291,4,56,3
4291,5,58,2
4291,6,77,2
4292,1,47,3
4292,2,75,3
4292,3,81,1
4293,1,8,2
4293,2,31,1
4293,3,55,3
4293,4,96,2
4294,1,0,3
4294,2,7,1
4294,3,51,1
4294,4,64,3
4294,5,86,1
4295,1,34,2
4296,1,69,2
4296,2,78,1
4296,3,98,1
4296,4,99,1
4297,1,53,3
4297,2,60,3
4297,3,68,1
4297,4,69,1
4298,1,21,2
4298,2,31,2
4298,3,53,1
4298,4,64,2
4298,5,74,3
4299,1,2,2
4299,2,25,3
4300,1,18,3
4300,2,50,1
4300,3,87,1
4301,1,9,1
4301,2,71,2
4301,3,89,1
4302,1,19,2
4302,2,29,1
4302,3,34,2
4302,4,93,2
4303,1,23,3
4303,2,47,3
4303,3,77,2
4304,1,11,2
4304,2,36,3
4304,3,75,2
4304,4,98,3
4305,1,15,1
4305,2,33,1
4305,3,52,1
4305,4,61,3
4306,1,4,1
4306,2,41,3
4306,3,43,2
4306,4,56,2
4306,5,69,1
4307,1,35,1
4307,2,42,2
4307,3,57,3
4307,4,86,1
4308,1,25,1
4308,2,42,3
4308,3,69,2
4308,4,96,2
4309,1,38,2
4309,2,52,3
4309,3,75,1
4310,1,0,3
4310,2,17,3
4310,3,22,2
4310,4,55,3
4310,5,71,2
4310,6,80,1
4311,1,31,1
4311,2,45,1
4311,3,49,3
4311,4,58,1
4311,5,74,3
4311,6,98,1
4312,1,23,3
4312,2,45,3
4312,3,54,1
4312,4,83,2
4312,5,89,2
4312,6,96,2
4312,7,99,1
4313,1,12,3
4313,2,27,3
4313,3,32,2
4314,1,60,1
4314,2,75,2
4314,3,89,3
4315,1,2,3
4315,2,10,1
4315,3,12,1
4315,4,61,1
4315,5,98,2
4316,1,0,3
4316,2,36,1
4316,3,55,2
4316,4,70,1
4317,1,8,1
4317,2,11,3
4317,3,14,2
4317,4,80,1
4318,1,2,3
4318,2,13,2
4318,3,49,1
4318,4,50,1
4319,1,12,1
4319,2,38,2
4319,3,40,2
4319,4,78,2
4319,5,91,1
4319,6,97,2
4320,1,10,3
4320,2,55,1
4320,3,75,3
4321,1,23,2
4321,2,32,3
4321,3,55,3
4322,1,15,1
4322,2,67,2
4322,3,80,1
4322,4,96,1
4323,1,20,2
4323,2,32,2
4323,3,96,2
4324,1,29,3
4324,2,36,3
4324,3,56,1
4325,1,1,3
4325,2,3,2
4325,3,33,1
4325,4,74,1
4326,1,1,2
4326,2,33,2
4326,3,42,2
4326,4,49,3
4326,5,95,1
4327,1,20,2
4327,2,26,1
4327,3,30,2
4327,4,33,2
4327,5,51,1
4327,6,58,1
4328,1,22,3
4328,2,46,3
4328,3,55,1
4328,4,69,3
4328,5,72,2
4329,1,38,2
4329,2,93,3
4329,3,96,1
4330,1,22,3
4330,2,43,3
4330,3,95,2
4330,4,96,1
4331,1,30,2
4331,2,55,3
4331,3,68,3
4331,4,74,2
4331,5,77,3
4331,6,80,3
4332,1,11,3
4332,2,22,1
4332,3,23,2
4332,4,61,1
4332,5,91,2
4333,1,9,1
4333,2,37,2
4333,3,44,3
4333,4,60,2
4334,1,13,1
4334,2,17,3
4334,3,21,1
4334,4,93,1
4335,1,34,2
4335,2,37,1
4335,3,41,2
4336,1,54,3
4336,2,66,3
4337,1,16,3
4337,2,42,3
4337,3,69,1
4338,1,3,1
4338,2,63,1
4338,3,66,3
4338,4,83,1
4339,1,10,3
4339,2,17,2
4339,3,32,2
4339,4,70,1
4340,1,15,3
4340,2,25,3
4340,3,58,1
4340,4,59,2
4340,5,84,3
4340,6,91,3
4341,1,53,3
4341,2,56,1
4341,3,69,1
4341,4,72,3
4341,5,79,1
4342,1,44,1
4342,2,77,3
4342,3,89,3
4342,4,98,3
4343,1,1,1
4343,2,20,2
4343,3,32,1
4343,4,95,2
4344,1,18,1
4344,2,23,3
4344,3,27,3
4344,4,53,1
4344,5,92,1
4345,1,35,3
4345,2,39,1
4345,3,40,3
4345,4,58,2
4345,5,99,3
4346,1,31,2
4346,2,93,2
4347,1,10,2
4347,2,60,2
4347,3,61,1
4348,1,22,1
4348,2,40,2
4348,3,50,3
4349,1,12,1
4349,2,36,3
4349,3,45,2
4349,4,47,1
4349,5,72,3
4350,1,10,1
4350,2,48,1
4350,3,57,1
4350,4,83,3
4351,1,22,3
4351,2,27,2
4351,3,32,2
4351,4,44,2
4351,5,55,3
4352,1,25,2
4352,2,36,2
4352,3,61,3
4352,4,81,1
4352,5,92,2
4353,1,17,1
4353,2,36,3
4354,1,42,1
4354,2,76,2
4355,1,5,3
4355,2,8,3
4355,3,34,2
4355,4,69,1
4355,5,78,2
4355,6,89,1
4356,1,56,3
4357,1,0,1
4357,2,26,2
4357,3,73,2
4357,4,79,3
4357,5,99,3
4358,1,21,1
4358,2,39,2
4358,3,58,1
4359,1,17,3
4359,2,25,1
4359,3,33,3
4359,4,47,3
4360,1,17,1
4360,2,56,2
4360,3,61,3
4360,4,89,2
4360,5,91,2
4361,1,62,3
4361,2,97,3
4362,1,1,2
4362,2,13,1
4362,3,84,2
4363,1,11,3
4363,2,30,2
4363,3,34,1
4363,4,69,1
4363,5,82,3
4363,6,86,1
4363,7,93,2
4364,1,22,3
4364,2,96,1
4365,1,0,3
4365,2,8,3
4365,3,16,2
4365,4,19,1
4365,5,20,3
4365,6,44,1
4366,1,5,2
4366,2,26,1
4366,3,90,3
4367,1,33,2
4367,2,55,2
4367,3,57,2
4368,1,26,3
4368,2,33,1
4368,3,50,2
4368,4,73,3
4369,1,0,3
4369,2,3,2
4369,3,5,2
4369,4,69,1
4369,5,75,1
4370,1,31,3
4370,2,57,3
4370,3,74,1
4370,4,83,1
4370,5,98,3
4371,1,1,1
4371,2,11,1
4371,3,69,1
4372,1,14,1
4372,2,82,2
4372,3,83,1
4373,1,24,3
4373,2,28,2
4373,3,31,3
4373,4,76,1
4374,1,4,2
4374,2,9,3
4374,3,14,1
4374,4,22,2
4374,5,64,3
4374,6,75,3
4375,1,9,1
4375,2,22,3
4375,3,86,2
4376,1,27,2
4376,2,47,1
4376,3,62,1
4376,4,63,2
4376,5,92,2
4376,6,94,1
4377,1,18,3
4377,2,24,1
4377,3,55,3
4377,4,75,3
4377,5,89,2
4378,1,12,2
4378,2,41,2
4378,3,48,1
4378,4,61,1
4379,1,53,2
4379,2,95,1
4380,1,21,1
4380,2,52,2
4380,3,92,3
4380,4,99,2
4381,1,31,1
4381,2,67,2
4381,3,72,3
4381,4,96,3
4382,1,10,2
4382,2,26,3
4382,3,60,1
4382,4,78,2
4382,5,88,2
4383,1,41,2
4383,2,69,3
4383,3,87,1
4384,1,31,3
4384,2,39,1
4384,3,42,2
4384,4,63,2
4384,5,95,1
4385,1,21,3
4385,2,24,1
4385,3,31,2
4385,4,65,3
4386,1,27,1
4386,2,72,3
4387,1,35,3
4387,2,49,1
4387,3,54,2
4387,4,57,3
4388,1,3,1
4388,2,65,3
4388,3,95,3
4389,1,14,2
4389,2,33,2
4389,3,54,3
4389,4,60,1
4389,5,84,2
4389,6,91,2
4390,1,19,1
4390,2,20,2
4390,3,71,2
4391,1,27,2
4391,2,35,3
4391,3,55,2
4391,4,71,1
4392,1,41,3
4392,2,46,2
4392,3,47,2
4393,1,57,2
4394,1,6,3
4394,2,18,1
4394,3,23,2
4394,4,37,1
4394,5,47,3
4395,1,33,1
4395,2,54,2
4395,3,69,3
4395,4,75,1
4395,5,81,2
4396,1,22,2
4396,2,70,2
4396,3,81,1
4396,4,84,3
4396,5,97,3
4397,1,15,1
4397,2,25,3
4397,3,61,3
4397,4,67,3
4397,5,73,2
4398,1,14,1
4398,2,16,2
4398,3,50,1
4398,4,57,1
4398,5,61,1
4399,1,15,1
4399,2,25,1
4400,1,67,3
4400,2,68,2
4400,3,90,1
4401,1,32,2
4401,2,46,1
4401,3,86,3
4402,1,7,3
4402,2,15,3
4402,3,38,1
4402,4,51,3
4402,5,57,2
4402,6,82,3
4403,1,40,3
4403,2,51,1
4403,3,69,1
4403,4,78,2
4403,5,82,3
4404,1,16,2
4404,2,29,3
4404,3,83,2
4404,4,91,2
4405,1,12,2
4405,2,91,1
4406,1,10,1
4406,2,22,1
4406,3,40,2
4406,4,82,2
4406,5,89,2
4406,6,99,3
4407,1,1,3
4407,2,13,1
4407,3,15,1
4407,4,28,1
4407,5,61,2
4407,6,97,3
4408,1,2,2
4408,2,63,2
4409,1,4,1
4409,2,77,1
4409,3,78,3
4409,4,93,1
4410,1,44,1
4410,2,70,2
4410,3,99,1
4411,1,17,1
4411,2,41,2
4411,3,84,2
4411,4,98,2
4412,1,25,2
4412,2,29,1
4412,3,73,3
4413,1,16,1
4413,2,19,3
4413,3,58,3
4413,4,64,3
4413,5,70,2
4413,6,75,3
4414,1,4,2
4414,2,69,3
4414,3,73,2
4414,4,86,3
4415,1,46,2
4415,2,69,2
4415,3,80,1
4416,1,10,3
4416,2,29,2
4416,3,30,2
4416,4,33,1
4417,1,16,3
4417,2,30,2
4417,3,90,2
4418,1,10,1
4418,2,42,2
4418,3,61,1
4418,4,71,2
4418,5,77,3
4418,6,96,1
4419,1,27,2
4419,2,53,3
4419,3,74,3
4420,1,74,3
4421,1,42,2
4421,2,50,2
4422,1,38,3
4423,1,83,2
4423,2,91,2
4423,3,96,3
4424,1,14,3
4424,2,42,3
4424,3,50,1
4424,4,61,3
4424,5,97,1
4425,1,4,2
4425,2,74,2
4425,3,98,1
4426,1,32,3
4426,2,42,1
4426,3,70,2
4426,4,82,1
4427,1,22,1
4427,2,40,2
4427,3,44,3
4427,4,45,2
4427,5,73,2
4428,1,14,3
4428,2,33,1
4428,3,39,1
4428,4,95,3
4429,1,54,3
4429,2,56,3
4429,3,75,1
4429,4,91,2
4430,1,83,1
4430,2,91,2
4431,1,19,2
4431,2,89,3
4431,3,91,2
4432,1,11,1
4432,2,20,2
4432,3,51,2
4432,4,89,2
4432,5,95,1
4433,1,16,2
4433,2,26,3
4433,3,54,2
4433,4,67,3
4433,5,77,3
4434,1,44,3
4434,2,53,2
4434,3,71,1
4435,1,28,1
4435,2,53,3
4436,1,2,3
4436,2,16,3
4436,3,30,2
4436,4,31,1
4436,5,43,2
4436,6,77,3
4436,7,90,1
4436,8,93,1
4436,9,97,2
4437,1,31,2
4437,2,52,2
4437,3,53,1
4437,4,69,1
4438,1,25,1
4438,2,34,2
4438,3,82,3
4438,4,93,1
4439,1,70,1
4439,2,91,2
4439,3,92,2
4440,1,59,3
4440,2,76,2
4440,3,86,2
4441,1,31,1
4441,2,43,3
4441,3,76,1
4442,1,14,3
4442,2,47,3
4442,3,60,1
4442,4,75,2
4443,1,17,2
4443,2,19,2
4443,3,22,1
4443,4,46,2
4443,5,73,3
4443,6,82,2
4443,7,99,2
4444,1,25,1
4444,2,75,1
4444,3,78,1
4445,1,22,3
4445,2,34,3
4445,3,68,2
4445,4,80,2
4445,5,94,3
4446,1,4,2
4446,2,64,3
4446,3,81,2
4446,4,93,2
4447,1,15,2
4447,2,44,1
4447,3,61,1
4447,4,72,3
4447,5,98,1
4448,1,14,1
4448,2,29,3
4448,3,33,1
4448,4,39,2
4448,5,61,2
4448,6,81,2
4449,1,13,3
4449,2,17,2
4449,3,35,1
4449,4,48,2
4449,5,61,1
4450,1,1,1
4451,1,20,1
4451,2,22,2
4451,3,51,1
4451,4,76,2
4452,1,17,1
4452,2,31,3
4452,3,84,3
4452,4,92,3
4452,5,93,2
4453,1,22,1
4453,2,46,3
4453,3,69,2
4453,4,90,2
4453,5,92,2
4454,1,19,2
4454,2,20,3
4454,3,69,3
4455,1,3,3
4455,2,29,2
4455,3,89,2
4455,4,99,2
4456,1,47,2
4456,2,56,2
4457,1,23,2
4457,2,47,3
4457,3,66,2
4457,4,78,3
4457,5,91,3
4458,1,7,2
4458,2,10,2
4458,3,15,2
4458,4,19,3
4458,5,46,1
4459,1,19,1
4459,2,66,2
4459,3,91,1
4460,1,0,2
4460,2,22,2
4460,3,29,3
4460,4,31,1
4460,5,50,3
4460,6,63,2
4461,1,10,3
4461,2,20,1
4461,3,47,3
4461,4,70,2
4461,5,72,2
4461,6,84,1
4462,1,22,3
4462,2,46,3
4462,3,78,2
4462,4,91,2
4463,1,4,1
4463,2,46,3
4463,3,75,1
4463,4,93,2
4464,1,7,2
4464,2,19,2
4464,3,56,1
4464,4,75,2
4464,5,97,3
4465,1,7,1
4465,2,54,3
4465,3,63,3
4465,4,87,3
4465,5,93,2
4466,1,91,3
4467,1,18,1
4467,2,33,3
4467,3,84,3
4468,1,5,2
4468,2,6,2
4468,3,12,2
4468,4,58,1
4469,1,0,1
4469,2,1,3
4469,3,19,3
4469,4,79,2
4470,1,12,2
4470,2,48,1
4470,3,70,1
4470,4,83,2
4471,1,68,2
4472,1,25,1
4472,2,78,2
4472,3,91,1
4472,4,95,2
4473,1,67,2
4473,2,87,3
4474,1,9,3
4474,2,17,3
4474,3,42,3
4475,1,0,3
4475,2,17,3
4475,3,30,3
4475,4,35,3
4476,1,25,3
4476,2,74,1
4476,3,84,2
4477,1,41,3
4477,2,50,2
4477,3,61,3
4477,4,62,2
4477,5,66,3
4477,6,98,1
4478,1,69,1
4478,2,70,1
4478,3,80,2
4479,1,15,1
4479,2,19,3
4479,3,88,1
4479,4,98,2
4480,1,13,2
4480,2,29,2
4480,3,72,3
4480,4,81,3
4481,1,17,3
4481,2,30,1
4481,3,61,3
4481,4,63,1
4481,5,80,1
4482,1,9,3
4482,2,21,1
4482,3,61,1
4483,1,4,1
4483,2,15,3
4483,3,46,3
4483,4,69,3
4483,5,90,2
4484,1,48,2
4484,2,63,3
4484,3,71,1
4484,4,93,1
4484,5,96,3
4485,1,30,3
4485,2,53,3
4485,3,54,2
4486,1,16,1
4486,2,57,1
4486,3,65,2
4487,1,18,3
4487,2,44,2
4487,3,47,3
4487,4,61,1
4488,1,15,2
4488,2,42,2
4488,3,59,3
4488,4,70,2
4488,5,74,3
4489,1,47,3
4489,2,84,2
4489,3,91,3
4490,1,6,3
4490,2,20,2
4490,3,29,3
4490,4,67,1
4490,5,70,2
4490,6,73,2
4491,1,88,2
4492,1,32,3
4492,2,33,2
4492,3,40,1
4493,1,12,1
4493,2,50,2
4494,1,51,1
4495,1,41,2
4495,2,44,1
4495,3,58,2
4495,4,85,1
4495,5,95,3
4495,6,98,2
4496,1,31,2
4496,2,59,2
4496,3,75,2
4496,4,84,2
4496,5,87,3
4497,1,16,1
4497,2,38,3
4497,3,77,3
4497,4,84,2
4498,1,24,3
4498,2,50,3
4498,3,61,2
4498,4,63,1
4498,5,93,3
4499,1,4,3
4499,2,10,1
4499,3,21,2
4499,4,22,1
4499,5,65,3
4499,6,87,1
4499,7,93,1
4500,1,25,3
4500,2,59,2
4501,1,19,3
4501,2,28,3
4501,3,78,1
4501,4,81,2
4502,1,22,3
4502,2,33,1
4502,3,56,1
4502,4,90,1
4502,5,91,3
4503,1,44,2
4503,2,48,2
4503,3,59,1
4503,4,82,3
4503,5,88,2
4504,1,44,1
4504,2,48,1
4504,3,78,3
4504,4,86,1
4505,1,2,1
4505,2,13,1
4505,3,15,1
4505,4,32,1
4505,5,84,2
4506,1,1,3
4506,2,25,3
4507,1,3,1
4507,2,5,3
4507,3,18,1
4507,4,75,3
4507,5,91,1
4507,6,92,1
4508,1,9,3
4508,2,39,3
4508,3,49,3
4508,4,86,3
4509,1,24,3
4509,2,37,3
4509,3,43,3
4509,4,45,2
4509,5,83,1
4509,6,94,3
4509,7,95,2
4510,1,3,1
4510,2,8,3
4510,3,59,3
4511,1,12,2
4512,1,35,3
4512,2,37,3
4512,3,80,1
4512,4,89,2
4513,1,32,3
4513,2,55,1
4513,3,64,3
4513,4,69,2
4513,5,99,1
4514,1,23,2
4514,2,26,1
4514,3,37,2
4514,4,68,2
4514,5,71,3
4514,6,80,1
4514,7,86,2
4515,1,5,2
4515,2,27,2
4515,3,30,1
4516,1,25,3
4516,2,39,3
4516,3,42,2
4516,4,70,3
4516,5,98,1
4517,1,27,1
4517,2,37,1
4517,3,60,1
4517,4,91,1
4518,1,1,3
4518,2,22,2
4518,3,44,1
4518,4,58,1
4518,5,59,1
4518,6,70,2
4519,1,11,3
4519,2,36,2
4519,3,47,3
4519,4,62,2
4519,5,69,1
4519,6,77,1
4520,1,5,1
4520,2,29,3
4520,3,32,1
4520,4,46,3
4521,1,3,2
4521,2,7,3
4521,3,17,2
4521,4,18,2
4521,5,38,1
4521,6,61,3
4522,1,37,2
4522,2,39,2
4522,3,84,1
4523,1,35,3
4523,2,55,2
4523,3,70,2
4523,4,73,3
4524,1,33,3
4524,2,75,1
4524,3,88,1
4524,4,98,2
4525,1,30,2
4525,2,63,1
4525,3,83,2
4526,1,26,1
4526,2,36,1
4526,3,66,1
4526,4,91,1
4527,1,16,3
4527,2,18,2
4527,3,53,3
4527,4,77,1
4527,5,91,3
4527,6,95,3
4528,1,41,1
4528,2,48,2
4528,3,70,1
4529,1,41,2
4529,2,49,2
4529,3,50,2
4529,4,88,2
4530,1,0,1
4530,2,4,2
4530,3,14,1
4530,4,79,1
4530,5,82,1
4530,6,96,2
4531,1,19,2
4531,2,35,3
4531,3,41,1
4531,4,86,3
4532,1,40,2
4532,2,71,3
4532,3,73,2
4532,4,76,2
4532,5,77,2
4533,1,13,2
4533,2,31,3
4533,3,51,2
4533,4,59,3
4533,5,70,3
4533,6,89,1
4533,7,99,3
4534,1,36,2
4534,2,62,3
4535,1,7,1
4535,2,13,1
4535,3,25,3
4535,4,31,3
4535,5,34,2
4535,6,39,2
4536,1,52,3
4536,2,53,3
4536,3,90,1
4536,4,97,2
4537,1,1,2
4537,2,22,1
4537,3,68,2
4537,4,88,2
4538,1,10,1
4538,2,53,1
4538,3,56,3
4538,4,75,1
4539,1,45,1
4539,2,71,3
4539,3,76,1
4540,1,6,1
4540,2,21,3
4541,1,22,2
4541,2,29,1
4541,3,78,3
4542,1,8,3
4542,2,56,3
4542,3,73,1
4542,4,75,3
4543,1,9,3
4543,2,39,2
4543,3,61,3
4543,4,69,1
4543,5,98,2
4544,1,2,2
4544,2,41,3
4544,3,48,2
4544,4,69,1
4544,5,88,1
4545,1,1,3
4545,2,4,2
4545,3,61,2
4546,1,17,1
4546,2,22,3
4546,3,76,1
4546,4,84,3
4546,5,89,2
4547,1,31,2
4547,2,32,1
4547,3,65,1
4547,4,93,3
4548,1,33,1
4548,2,40,3
4548,3,55,3
4548,4,71,2
4548,5,91,1
4548,6,94,3
4549,1,29,3
4549,2,30,2
4549,3,45,3
4549,4,47,1
4549,5,72,2
4549,6,80,3
4549,7,90,3
4550,1,22,2
4550,2,26,3
4550,3,29,1
4550,4,47,2
4550,5,74,2
4551,1,3,3
4551,2,37,1
4551,3,50,2
4551,4,81,3
4552,1,18,1
4552,2,66,3
4552,3,89,3
4552,4,91,3
4553,1,67,1
4554,1,33,1
4554,2,61,3
4554,3,62,1
4555,1,31,2
4555,2,46,3
4555,3,76,1
4555,4,84,2
4555,5,87,1
4556,1,21,2
4556,2,31,1
4556,3,60,1
4556,4,80,3
4556,5,92,3
4557,1,31,2
4557,2,42,3
4557,3,57,2
4557,4,90,2
4558,1,35,1
4558,2,36,3
4558,3,66,3
4558,4,67,3
4558,5,92,1
4559,1,14,1
4559,2,41,2
4559,3,60,3
4559,4,68,2
4559,5,80,3
4559,6,95,2
4560,1,14,2
4560,2,81,3
4560,3,84,1
4561,1,1,3
4561,2,17,1
4561,3,47,1
4561,4,55,1
4561,5,56,3
4561,6,90,3
4562,1,20,3
4562,2,79,2
4562,3,95,2
4563,1,22,1
4563,2,66,2
4563,3,71,1
4563,4,89,3
4564,1,61,1
4564,2,78,1
4564,3,82,1
4564,4,90,3
4565,1,12,1
4565,2,16,1
4565,3,28,3
4565,4,51,1
4565,5,56,3
4566,1,0,3
4566,2,23,1
4566,3,84,2
4567,1,2,2
4567,2,25,2
4567,3,35,2
4567,4,50,3
4567,5,51,3
4567,6,60,1
4567,7,67,3
4568,1,43,2
4568,2,65,2
4568,3,69,3
4569,1,37,1
4569,2,69,1
4569,3,74,3
4570,1,22,1
4570,2,31,1
4570,3,74,2
4570,4,86,1
4570,5,92,1
4571,1,14,3
4571,2,21,2
4571,3,25,2
4571,4,63,3
4571,5,65,2
4571,6,92,1
4572,1,7,1
4572,2,86,1
4572,3,91,1
4573,1,4,2
4573,2,10,1
4573,3,19,2
4573,4,69,2
4574,1,21,3
4574,2,52,1
4574,3,95,1
4575,1,6,2
4575,2,22,2
4575,3,55,3
4575,4,57,1
4576,1,65,2
4576,2,77,1
4577,1,7,3
4577,2,20,2
4577,3,47,3
4577,4,78,2
4577,5,89,3
4578,1,20,1
4578,2,21,3
4578,3,61,2
4578,4,76,1
4578,5,99,1
4579,1,2,1
4579,2,14,3
4579,3,44,2
4579,4,79,1
4580,1,39,3
4580,2,81,2
4581,1,32,3
4581,2,38,3
4581,3,61,1
4581,4,65,2
4582,1,18,1
4582,2,78,1
4583,1,1,1
4583,2,35,2
4583,3,40,2
4584,1,31,2
4584,2,82,1
4584,3,92,1
4584,4,93,2
4585,1,10,2
4585,2,16,2
4585,3,55,1
4585,4,78,1
4585,5,94,1
4586,1,6,3
4586,2,9,2
4586,3,83,3
4586,4,95,2
4587,1,16,3
4587,2,63,1
4588,1,13,3
4588,2,25,2
4588,3,97,2
4589,1,12,2
4589,2,33,2
4589,3,43,2
4589,4,45,3
4589,5,62,2
4590,1,33,3
4590,2,54,3
4590,3,55,3
4590,4,75,3
4590,5,95,1
4591,1,2,1
4591,2,31,1
4591,3,41,3
4591,4,74,3
4591,5,84,2
4592,1,7,2
4592,2,13,3
4592,3,48,3
4592,4,50,3
4592,5,74,3
4592,6,77,2
4593,1,48,1
4594,1,24,3
4594,2,29,1
4594,3,42,3
4594,4,51,2
4594,5,79,2
4595,1,7,2
4595,2,22,2
4595,3,61,2
4595,4,98,2
4596,1,0,1
4596,2,10,1
4596,3,16,3
4596,4,54,3
4596,5,56,1
4597,1,63,3
4598,1,3,1
4598,2,4,1
4598,3,16,2
4598,4,25,1
4598,5,26,2
4598,6,72,2
4599,1,25,2
4599,2,41,2
4599,3,60,2
4599,4,76,1
4599,5,89,2
4599,6,94,3
4600,1,1,1
4600,2,24,1
4600,3,41,2
4600,4,60,1
4601,1,14,1
4601,2,22,3
4601,3,52,2
4601,4,70,3
4601,5,82,2
4601,6,99,1
4602,1,7,2
4602,2,10,3
4602,3,54,1
4602,4,55,2
4602,5,90,1
4603,1,11,1
4603,2,24,2
4603,3,76,2
4604,1,12,1
4604,2,14,2
4604,3,47,1
4604,4,59,3
4604,5,86,1
4605,1,10,1
4605,2,64,3
4605,3,80,2
4605,4,83,1
4606,1,40,3
4606,2,99,3
4607,1,9,2
4607,2,30,2
4607,3,35,3
4607,4,74,3
4607,5,83,2
4608,1,54,3
4608,2,69,2
4608,3,76,1
4609,1,16,3
4609,2,19,1
4609,3,54,3
4609,4,55,3
4609,5,72,2
4610,1,14,2
4610,2,22,1
4610,3,39,1
4611,1,14,1
4611,2,15,1
4611,3,44,1
4611,4,49,3
4611,5,84,3
4612,1,4,1
4612,2,10,2
4612,3,60,2
4612,4,78,3
4613,1,2,2
4613,2,6,1
4614,1,1,1
4614,2,4,3
4614,3,87,3
4614,4,95,1
4615,1,22,3
4615,2,83,3
4615,3,85,1
4616,1,20,1
4616,2,88,2
4617,1,31,1
4617,2,32,3
4617,3,54,3
4617,4,72,2
4617,5,77,1
4618,1,20,2
4618,2,22,1
4618,3,31,1
4619,1,8,2
4619,2,31,3
4619,3,54,2
4620,1,21,1
4620,2,67,2
4620,3,97,1
4621,1,9,1
4621,2,22,1
4621,3,70,1
4622,1,39,3
4622,2,95,3
4622,3,99,3
4623,1,71,1
4623,2,85,2
4624,1,14,2
4624,2,17,1
4624,3,25,2
4624,4,31,2
4624,5,42,1
4624,6,79,1
4624,7,93,2
4625,1,27,3
4625,2,37,3
4625,3,47,2
4625,4,62,2
4625,5,66,2
4625,6,69,2
4626,1,6,2
4626,2,25,3
4626,3,55,2
4627,1,30,1
4627,2,68,3
4627,3,92,1
4627,4,97,2
4628,1,12,1
4628,2,13,1
4628,3,43,3
4628,4,66,2
4628,5,91,3
4628,6,94,1
4629,1,15,2
4629,2,49,1
4630,1,31,1
4630,2,49,3
4630,3,61,3
4630,4,85,2
4631,1,3,1
4631,2,19,3
4631,3,31,1
4631,4,38,3
4631,5,55,1
4631,6,75,1
4632,1,37,2
4632,2,40,3
4632,3,91,2
4633,1,7,1
4633,2,17,1
4633,3,41,1
4634,1,58,3
4634,2,61,2
4634,3,63,3
4635,1,5,1
4635,2,27,2
4635,3,37,1
4635,4,49,3
4635,5,64,3
4635,6,68,2
4635,7,80,2
4636,1,3,1
4636,2,52,3
4636,3,54,2
4636,4,56,1
4636,5,59,2
4636,6,81,3
4637,1,1,1
4637,2,59,3
4637,3,77,3
4638,1,43,1
4638,2,62,3
4638,3,67,3
4639,1,32,2
4639,2,62,1
4639,3,93,1
4639,4,98,2
4640,1,9,3
4640,2,27,2
4640,3,55,2
4641,1,0,3
4641,2,15,1
4641,3,16,1
4641,4,44,2
4641,5,58,3
4641,6,98,3
4642,1,32,1
4642,2,43,3
4642,3,52,3
4642,4,85,2
4642,5,87,3
4643,1,2,3
4643,2,60,1
4643,3,63,3
4643,4,83,2
4644,1,64,2
4644,2,90,2
4645,1,34,1
4645,2,56,1
4645,3,59,1
4645,4,61,2
4646,1,11,1
4647,1,32,2
4647,2,62,2
4647,3,86,2
4647,4,87,1
4648,1,28,1
4648,2,46,3
4648,3,75,1
4648,4,81,1
4648,5,93,3
4649,1,7,2
4649,2,20,1
4649,3,41,1
4649,4,62,2
4650,1,15,2
4650,2,21,2
4650,3,41,1
4650,4,50,3
4650,5,98,3
4651,1,13,1
4651,2,29,3
4652,1,11,2
4652,2,23,1
4652,3,64,3
4652,4,65,3
4653,1,19,3
4653,2,50,1
4653,3,73,1
4653,4,74,2
4653,5,91,1
4653,6,95,3
4654,1,7,2
4654,2,65,2
4654,3,95,3
4654,4,99,1
4655,1,10,2
4655,2,68,2
4655,3,99,1
4656,1,38,1
4656,2,88,3
4656,3,96,1
4657,1,61,3
4657,2,68,3
4657,3,99,1
4658,1,8,3
4658,2,28,1
4658,3,84,3
4658,4,91,3
4658,5,96,1
4659,1,1,3
4659,2,2,2
4659,3,70,3
4660,1,43,3
4661,1,11,2
4661,2,22,2
4661,3,31,1
4661,4,32,3
4661,5,67,2
4661,6,77,3
4661,7,96,3
4662,1,9,2
4662,2,16,1
4662,3,42,2
4662,4,49,1
4663,1,24,3
4663,2,59,2
4664,1,14,2
4664,2,80,2
4665,1,16,2
4665,2,25,1
4665,3,75,3
4666,1,58,2
4666,2,70,1
4666,3,87,1
4666,4,98,3
4667,1,3,3
4667,2,28,1
4667,3,43,1
4667,4,46,2
4667,5,53,1
4667,6,64,1
4667,7,69,3
4667,8,90,1
4668,1,50,3
4668,2,95,3
4668,3,97,2
4669,1,31,3
4669,2,35,2
4669,3,67,2
4669,4,80,2
4670,1,18,1
4670,2,32,2
4670,3,45,3
4671,1,17,2
4671,2,18,3
4671,3,85,1
4671,4,91,2
4672,1,38,3
4672,2,65,2
4672,3,88,1
4672,4,99,1
4673,1,1,2
4673,2,3,1
4673,3,11,3
4673,4,74,1
4674,1,22,3
4674,2,69,2
4674,3,70,2
4674,4,75,2
4675,1,3,2
4675,2,32,2
4675,3,70,3
4676,1,3,3
4676,2,7,1
4676,3,50,2
4676,4,88,2
4677,1,2,1
4677,2,14,1
4677,3,25,2
4677,4,89,3
4677,5,93,3
4678,1,0,2
4678,2,60,1
4678,3,80,1
4679,1,19,1
4679,2,36,1
4679,3,64,2
4679,4,75,1
4679,5,80,1
4680,1,5,1
4680,2,36,1
4681,1,16,1
4681,2,47,1
4681,3,89,1
4681,4,92,1
4682,1,8,2
4682,2,20,2
4682,3,79,1
4682,4,96,2
4683,1,13,3
4683,2,24,1
4683,3,38,1
4683,4,48,1
4683,5,84,2
4683,6,98,2
4684,1,22,2
4684,2,32,3
4684,3,35,1
4684,4,46,1
4685,1,52,3
4685,2,62,2
4685,3,72,3
4685,4,76,2
4686,1,8,1
4686,2,29,3
4686,3,38,2
4687,1,26,1
4687,2,36,2
4687,3,43,3
4687,4,53,2
4687,5,66,2
4688,1,0,2
4688,2,17,1
4688,3,54,2
4688,4,99,3
4689,1,7,1
4689,2,27,1
4689,3,31,3
4689,4,72,2
4689,5,77,3
4689,6,82,2
4690,1,78,3
4690,2,82,3
4691,1,30,2
4691,2,31,3
4691,3,52,2
4691,4,95,1
4692,1,19,1
4692,2,20,1
4692,3,38,3
4692,4,81,1
4693,1,32,3
4694,1,4,3
4694,2,75,2
4695,1,56,3
4695,2,80,3
4696,1,7,3
4696,2,63,1
4697,1,9,1
4697,2,70,1
4697,3,86,3
4697,4,94,3
4697,5,95,3
4698,1,22,2
4698,2,30,3
4698,3,39,1
4698,4,57,2
4698,5,95,1
4699,1,7,1
4699,2,25,3
4699,3,60,1
4699,4,66,2
4700,1,11,1
4700,2,31,2
4700,3,67,3
4701,1,75,1
4701,2,83,1
4701,3,89,3
4702,1,18,1
4702,2,45,2
4702,3,61,1
4703,1,8,3
4703,2,21,2
4703,3,31,1
4703,4,32,3
4703,5,84,1
4704,1,28,2
4704,2,37,1
4704,3,56,2
4704,4,90,3
4704,5,91,1
4705,1,15,1
4706,1,22,2
4706,2,66,3
4706,3,89,3
4706,4,99,2
4707,1,1,2
4707,2,14,2
4707,3,78,2
4707,4,85,1
4707,5,98,3
4708,1,16,1
4708,2,18,1
4708,3,30,3
4708,4,95,1
4709,1,32,2
4709,2,42,2
4709,3,44,3
4709,4,79,2
4709,5,88,1
4709,6,97,3
4710,1,3,3
4710,2,44,2
4710,3,51,1
4710,4,65,3
4710,5,71,3
4711,1,7,1
4711,2,40,3
4711,3,82,3
4712,1,23,2
4712,2,30,1
4712,3,64,3
4712,4,89,1
4713,1,13,2
4713,2,30,3
4713,3,93,1
4713,4,96,2
4714,1,9,3
4714,2,25,3
4714,3,32,3
4714,4,41,2
4714,5,70,2
4714,6,81,3
4714,7,95,3
4715,1,69,3
4715,2,70,2
4715,3,71,3
4715,4,72,2
4715,5,84,1
4716,1,10,1
4716,2,43,3
4717,1,14,3
4717,2,39,3
4717,3,45,3
4717,4,49,1
4717,5,85,1
4718,1,13,3
4718,2,15,2
4718,3,42,3
4718,4,58,1
4719,1,40,2
4719,2,41,1
4719,3,78,2
4720,1,3,2
4720,2,71,3
4720,3,82,2
4720,4,86,1
4721,1,16,2
4721,2,23,1
4721,3,24,3
4721,4,34,3
4721,5,79,1
4721,6,82,1
4722,1,38,3
4722,2,42,2
4722,3,87,2
4723,1,25,2
4723,2,45,1
4723,3,67,2
4723,4,95,3
4724,1,72,3
4724,2,95,1
4725,1,7,1
4725,2,30,3
4725,3,39,3
4725,4,61,3
4725,5,85,3
4726,1,22,3
4726,2,42,1
4726,3,68,3
4726,4,70,3
4727,1,15,2
4727,2,22,3
4727,3,70,1
4727,4,73,1
4727,5,98,2
4728,1,17,3
4728,2,42,1
4728,3,61,1
4728,4,79,1
4729,1,18,3
4729,2,26,3
4729,3,34,3
4729,4,42,1
4729,5,96,2
4730,1,25,1
4730,2,44,2
4730,3,53,3
4730,4,81,2
4731,1,35,1
4731,2,75,2
4731,3,86,3
4731,4,88,3
4731,5,99,1
4732,1,0,2
4732,2,7,1
4732,3,32,2
4732,4,99,1
4733,1,11,1
4733,2,23,2
4733,3,57,3
4733,4,75,1
4733,5,80,2
4734,1,0,2
4734,2,18,3
4734,3,32,1
4734,4,52,1
4734,5,67,1
4734,6,93,3
4734,7,94,3
4735,1,77,2
4736,1,44,3
4736,2,47,2
4736,3,80,1
4737,1,10,2
4737,2,17,2
4737,3,44,1
4737,4,55,2
4737,5,68,3
4737,6,71,1
4738,1,11,1
4738,2,33,2
4738,3,51,1
4738,4,95,2
4739,1,36,2
4739,2,45,1
4739,3,47,1
4740,1,25,1
4740,2,47,2
4740,3,59,2
4740,4,80,2
4741,1,41,3
4741,2,44,1
4741,3,51,1
4741,4,58,1
4741,5,79,3
4742,1,22,2
4742,2,40,2
4742,3,75,2
4743,1,20,1
4743,2,33,1
4743,3,35,3
4743,4,51,2
4744,1,14,1
4744,2,15,3
4744,3,20,3
4744,4,39,2
4744,5,41,3
4744,6,42,2
4744,7,62,1
4745,1,71,1
4745,2,82,3
4745,3,86,2
4746,1,27,1
4746,2,52,2
4746,3,66,2
4746,4,71,2
4746,5,83,1
4747,1,41,2
4747,2,74,1
4747,3,79,3
4747,4,81,2
4748,1,46,1
4748,2,52,1
4748,3,76,1
4749,1,30,1
4749,2,44,2
4749,3,50,2
4749,4,68,3
4749,5,71,2
4749,6,75,2
4750,1,4,2
4750,2,44,2
4750,3,66,3
4750,4,92,2
4751,1,17,2
4751,2,71,2
4751,3,97,2
4752,1,12,1
4752,2,13,3
4752,3,24,2
4752,4,25,1
4752,5,74,3
4752,6,88,1
4753,1,50,1
4753,2,70,3
4754,1,18,2
4754,2,26,3
4754,3,60,3
4754,4,77,3
4754,5,95,1
4755,1,0,2
4755,2,2,3
4755,3,17,1
4755,4,22,3
4756,1,96,1
4757,1,5,3
4757,2,35,3
4757,3,60,1
4757,4,85,2
4758,1,41,3
4758,2,70,2
4759,1,9,3
4759,2,79,3
4759,3,93,1
4760,1,9,1
4760,2,25,2
4760,3,32,1
4761,1,48,2
4761,2,49,1
4761,3,91,1
4761,4,96,2
4762,1,0,1
4763,1,4,1
4763,2,21,1
4763,3,36,1
4764,1,16,3
4764,2,21,3
4764,3,52,2
4764,4,84,2
4764,5,96,1
4765,1,7,3
4765,2,8,1
4765,3,14,2
4765,4,44,1
4765,5,92,2
4766,1,42,3
4766,2,56,2
4766,3,72,2
4766,4,95,1
4767,1,15,1
4767,2,57,3
4767,3,67,1
4768,1,57,3
4768,2,60,1
4768,3,86,3
4769,1,10,3
4769,2,11,1
4769,3,43,2
4769,4,60,3
4769,5,82,1
4770,1,17,2
4770,2,57,3
4770,3,59,2
4770,4,70,3
4770,5,73,1
4771,1,55,2
4771,2,81,1
4771,3,89,2
4771,4,95,3
4772,1,4,2
4772,2,66,3
4772,3,68,2
4772,4,78,1
4773,1,0,2
4773,2,17,3
4773,3,28,2
4773,4,35,2
4773,5,67,1
4773,6,71,2
4773,7,75,3
4774,1,23,3
4774,2,37,1
4774,3,96,2
4775,1,3,1
4775,2,7,1
4775,3,20,1
4775,4,39,3
4775,5,95,1
4776,1,31,1
4776,2,38,1
4776,3,55,1
4777,1,99,2
4778,1,34,3
4779,1,32,1
4779,2,35,1
4779,3,53,3
4779,4,59,1
4779,5,91,1
4780,1,13,2
4780,2,46,1
4780,3,48,1
4780,4,69,3
4780,5,84,2
4780,6,98,3
4781,1,8,2
4781,2,21,1
4781,3,60,1
4781,4,65,1
4781,5,95,1
4782,1,5,3
4782,2,63,1
4783,1,23,3
4783,2,39,1
4783,3,52,2
4783,4,72,1
4784,1,3,3
4784,2,33,1
4784,3,35,2
4784,4,59,1
4784,5,85,3
4784,6,98,2
4785,1,10,3
4785,2,15,3
4785,3,26,2
4785,4,41,1
4785,5,92,2
4785,6,99,2
4786,1,34,3
4786,2,68,1
4786,3,79,2
4787,1,28,1
4787,2,37,2
4787,3,95,2
4788,1,22,1
4788,2,51,3
4788,3,68,1
4788,4,73,2
4789,1,2,1
4789,2,95,1
4790,1,22,2
4790,2,38,1
4790,3,40,1
4791,1,31,1
4791,2,70,2
4791,3,84,2
4792,1,5,2
4792,2,9,3
4792,3,41,1
4793,1,10,3
4793,2,46,1
4793,3,64,2
4793,4,75,1
4793,5,81,2
4794,1,13,3
4794,2,19,2
4794,3,25,3
4794,4,61,3
4795,1,6,1
4795,2,22,3
4795,3,25,3
4795,4,56,3
4795,5,85,2
4796,1,2,2
4796,2,36,1
4796,3,85,3
4796,4,97,1
4796,5,98,2
4797,1,1,3
4797,2,59,3
4797,3,62,2
4797,4,88,3
4797,5,89,2
4798,1,12,3
4798,2,24,3
4798,3,25,2
4798,4,84,3
4799,1,55,3
4799,2,73,2
4799,3,99,3
4800,1,11,1
4800,2,69,2
4801,1,37,2
4801,2,89,3
4802,1,38,3
4802,2,45,3
4802,3,87,1
4802,4,98,2
4803,1,25,2
4803,2,33,3
4803,3,49,2
4803,4,61,2
4803,5,66,1
4803,6,76,3
4804,1,36,1
4804,2,83,2
4804,3,89,1
4805,1,35,3
4805,2,36,3
4805,3,69,2
4805,4,92,3
4805,5,97,1
4806,1,9,2
4806,2,36,3
4806,3,37,3
4806,4,47,3
4807,1,13,1
4807,2,63,3
4807,3,81,2
4808,1,31,2
4808,2,57,1
4808,3,98,1
4809,1,24,1
4809,2,25,1
4809,3,55,3
4809,4,59,1
4809,5,69,2
4809,6,70,2
4810,1,34,3
4810,2,47,1
4810,3,58,1
4810,4,63,1
4810,5,97,1
4811,1,1,2
4811,2,14,3
4811,3,15,3
4811,4,17,1
4811,5,48,3
4811,6,67,2
4811,7,77,2
4811,8,98,3
4812,1,80,2
4812,2,89,2
4812,3,91,2
4813,1,29,3
4813,2,36,3
4813,3,37,2
4814,1,4,1
4814,2,10,3
4814,3,53,3
4814,4,55,2
4815,1,32,1
4815,2,41,1
4815,3,61,2
4815,4,89,3
4815,5,91,1
4816,1,43,1
4816,2,62,3
4816,3,70,3
4816,4,91,3
4817,1,17,1
4817,2,32,2
4817,3,39,3
4817,4,51,3
4817,5,71,2
4818,1,13,3
4818,2,25,1
4818,3,58,2
4818,4,74,1
4818,5,86,1
4819,1,36,3
4819,2,63,1
4819,3,66,2
4819,4,89,2
4819,5,91,2
4820,1,4,1
4820,2,11,2
4820,3,68,3
4821,1,30,1
4821,2,40,3
4821,3,51,1
4821,4,82,3
4822,1,5,3
4822,2,69,2
4822,3,91,1
4823,1,33,1
4823,2,62,1
4823,3,67,2
4823,4,84,2
4823,5,89,2
4823,6,91,3
4823,7,95,1
4824,1,3,1
4824,2,4,2
4824,3,6,2
4824,4,19,3
4824,5,64,3
4824,6,93,3
4825,1,8,1
4825,2,21,3
4825,3,24,3
4825,4,67,2
4825,5,87,2
4826,1,32,2
4826,2,33,3
4826,3,38,1
4826,4,49,1
4827,1,58,2
4827,2,66,3
4828,1,3,2
4828,2,7,1
4828,3,8,3
4828,4,43,2
4828,5,99,2
4829,1,12,1
4829,2,68,3
4829,3,88,1
4830,1,55,3
4830,2,62,2
4830,3,88,2
4831,1,30,3
4831,2,31,3
4831,3,74,2
4831,4,78,2
4832,1,18,3
4832,2,55,3
4832,3,75,1
4832,4,81,3
4832,5,95,2
4833,1,44,3
4833,2,99,2
4834,1,20,1
4834,2,55,2
4834,3,69,2
4835,1,31,3
4835,2,44,2
4835,3,58,1
4835,4,87,1
4836,1,4,3
4836,2,21,1
4836,3,31,3
4836,4,32,3
4837,1,21,2
4837,2,65,3
4837,3,88,2
4837,4,97,2
4838,1,11,3
4838,2,85,2
4839,1,63,2
4839,2,90,3
4840,1,21,1
4840,2,30,1
4840,3,70,1
4840,4,85,1
4840,5,93,1
4841,1,17,3
4841,2,21,1
4841,3,53,1
4841,4,56,3
4841,5,95,3
4842,1,6,3
4842,2,38,2
4842,3,44,1
4842,4,55,1
4842,5,56,1
4843,1,16,3
4843,2,22,1
4843,3,55,3
4843,4,60,1
4843,5,70,1
4843,6,73,1
4843,7,83,2
4844,1,25,2
4844,2,64,2
4844,3,80,1
4845,1,1,3
4845,2,18,1
4845,3,89,3
4846,1,21,2
4846,2,27,2
4846,3,47,2
4846,4,60,1
4846,5,75,2
4846,6,95,3
4846,7,96,3
4847,1,8,2
4847,2,12,2
4848,1,17,3
4848,2,76,1
4848,3,93,1
4849,1,22,1
4849,2,44,2
4849,3,50,2
4849,4,51,3
4849,5,68,1
4850,1,32,2
4850,2,66,3
4850,3,86,2
4851,1,19,1
4851,2,41,3
4851,3,52,3
4851,4,80,2
4851,5,88,1
4852,1,35,3
4852,2,82,1
4852,3,84,2
4852,4,99,3
4853,1,21,3
4853,2,84,3
4853,3,85,3
4854,1,0,3
4854,2,40,3
4854,3,58,1
4854,4,83,1
4855,1,2,1
4855,2,25,1
4855,3,35,2
4855,4,73,3
4855,5,88,3
4856,1,22,2
4856,2,26,2
4856,3,82,1
4856,4,99,1
4857,1,15,2
4857,2,70,2
4858,1,12,2
4858,2,51,3
4858,3,54,3
4858,4,55,3
4858,5,81,1
4859,1,3,2
4859,2,41,3
4859,3,61,1
4860,1,73,3
4861,1,25,2
4861,2,50,2
4861,3,74,1
4861,4,84,1
4862,1,5,1
4862,2,14,2
4862,3,36,2
4862,4,81,3
4862,5,94,1
4863,1,48,1
4863,2,79,3
4863,3,81,1
4864,1,18,1
4864,2,22,3
4864,3,55,1
4865,1,22,3
4865,2,93,1
4866,1,37,1
4866,2,38,1
4866,3,47,3
4866,4,94,3
4867,1,12,2
4867,2,25,2
4867,3,36,2
4867,4,38,2
4867,5,60,2
4868,1,14,1
4868,2,17,3
4868,3,49,1
4869,1,26,3
4869,2,47,2
4869,3,80,1
4870,1,10,1
4870,2,14,3
4870,3,62,3
4870,4,77,1
4871,1,33,3
4871,2,34,3
4871,3,37,1
4871,4,78,3
4871,5,88,1
4872,1,57,3
4873,1,31,1
4874,1,6,3
4874,2,22,3
4874,3,27,1
4874,4,47,1
4874,5,51,1
4874,6,57,2
4875,1,3,3
4875,2,7,3
4875,3,44,1
4875,4,57,2
4875,5,68,1
4876,1,5,2
4877,1,54,3
4877,2,61,3
4877,3,74,1
4877,4,80,1
4878,1,62,1
4878,2,70,1
4878,3,81,1
4878,4,82,1
4879,1,28,1
4879,2,35,1
4879,3,75,1
4879,4,87,2
4879,5,93,3
4880,1,5,2
4880,2,14,2
4880,3,54,1
4880,4,75,2
4881,1,22,2
4881,2,70,2
4881,3,71,1
4881,4,99,1
4882,1,17,3
4882,2,77,1
4882,3,86,2
4883,1,23,2
4883,2,60,1
4883,3,91,1
4884,1,17,3
4884,2,25,3
4884,3,42,3
4884,4,72,2
4884,5,96,2
4885,1,38,2
4885,2,50,2
4885,3,80,1
4886,1,5,3
4886,2,28,3
4886,3,63,2
4887,1,30,3
4887,2,33,2
4887,3,75,2
4887,4,95,2
4888,1,8,2
4888,2,31,2
4888,3,60,2
4888,4,88,1
4889,1,0,2
4889,2,22,1
4889,3,78,3
4889,4,99,1
4890,1,68,2
4890,2,83,2
4891,1,22,2
4891,2,44,1
4891,3,57,2
4891,4,60,1
4891,5,62,3
4891,6,70,1
4892,1,21,1
4892,2,31,3
4892,3,83,2
4892,4,93,1
4893,1,16,1
4893,2,20,2
4893,3,30,2
4893,4,88,3
4894,1,1,1
4894,2,36,3
4895,1,1,2
4895,2,14,1
4895,3,55,3
4895,4,81,1
4896,1,16,2
4896,2,46,1
4896,3,55,2
4896,4,93,1
4897,1,53,3
4897,2,80,1
4897,3,91,2
4898,1,31,1
4898,2,68,3
4898,3,99,1
4899,1,65,2
4899,2,94,1
4900,1,12,1
4900,2,29,3
4900,3,33,3
4900,4,84,3
4901,1,10,1
4901,2,13,1
4901,3,42,3
4901,4,45,1
4902,1,17,2
4902,2,82,1
4902,3,90,1
4902,4,99,3
4903,1,17,1
4903,2,31,2
4903,3,70,3
4903,4,74,1
4904,1,25,2
4904,2,48,2
4904,3,49,3
4904,4,56,3
4904,5,58,1
4905,1,1,1
4905,2,42,3
4905,3,77,2
4905,4,80,2
4905,5,95,2
4906,1,11,3
4906,2,31,1
4906,3,52,2
4906,4,72,3
4906,5,92,1
4906,6,93,1
4906,7,96,3
4907,1,44,3
4907,2,63,2
4907,3,67,1
4907,4,68,2
4907,5,81,1
4907,6,99,1
4908,1,22,2
4908,2,86,3
4908,3,87,2
4908,4,90,2
4909,1,18,3
4909,2,34,3
4909,3,42,1
4909,4,45,3
4909,5,50,1
4910,1,2,1
4910,2,10,1
4910,3,28,1
4910,4,85,3
4911,1,14,2
4911,2,37,2
4911,3,42,1
4911,4,47,2
4911,5,84,3
4911,6,90,2
4912,1,15,2
4912,2,97,3
4913,1,5,3
4913,2,8,3
4913,3,76,3
4913,4,95,1
4913,5,96,1
4914,1,40,3
4914,2,55,2
4914,3,57,1
4914,4,64,3
4914,5,68,1
4914,6,98,1
4915,1,8,2
4915,2,84,3
4915,3,95,3
4916,1,89,1
4916,2,95,2
4916,3,99,1
4917,1,9,1
4917,2,22,1
4917,3,57,2
4917,4,75,1
4917,5,92,3
4917,6,99,2
4918,1,4,1
4918,2,16,3
4918,3,28,3
4918,4,69,1
4919,1,18,1
4919,2,30,3
4919,3,76,1
4919,4,84,3
4920,1,39,2
4920,2,59,3
4921,1,12,2
4921,2,25,3
4921,3,69,1
4921,4,85,1
4921,5,89,1
4921,6,98,1
4922,1,8,1
4922,2,26,2
4922,3,47,3
4922,4,74,3
4923,1,2,1
4923,2,18,3
4923,3,22,2
4923,4,58,3
4923,5,61,1
4923,6,91,3
4924,1,55,1
4924,2,61,2
4924,3,82,3
4924,4,94,1
4925,1,76,2
4925,2,77,1
4925,3,93,3
4926,1,78,2
4926,2,85,2
4926,3,88,2
4927,1,20,1
4927,2,49,3
4927,3,54,2
4927,4,57,3
4927,5,87,3
4928,1,32,2
4928,2,59,2
4928,3,61,1
4928,4,80,1
4928,5,95,1
4928,6,98,2
4929,1,6,1
4929,2,82,2
4929,3,93,3
4930,1,61,3
4930,2,70,3
4931,1,14,2
4931,2,26,1
4931,3,61,1
4931,4,99,2
4932,1,3,3
4932,2,21,1
4932,3,22,2
4932,4,29,3
4932,5,37,3
4933,1,31,2
4933,2,42,1
4933,3,64,1
4933,4,98,1
4934,1,8,2
4934,2,40,2
4934,3,45,2
4934,4,52,2
4934,5,93,3
4935,1,5,1
4935,2,27,2
4935,3,41,3
4936,1,48,3
4936,2,50,3
4936,3,83,2
4936,4,84,1
4936,5,95,1
4937,1,8,3
4937,2,21,2
4937,3,87,3
4937,4,95,2
4938,1,67,1
4938,2,93,3
4939,1,61,2
4939,2,79,3
4939,3,89,2
4939,4,97,3
4940,1,16,2
4940,2,26,3
4940,3,56,2
4940,4,68,1
4940,5,90,2
4941,1,4,1
4941,2,23,3
4941,3,56,2
4941,4,75,3
4941,5,91,3
4942,1,2,2
4942,2,5,1
4942,3,38,2
4943,1,26,1
4943,2,29,2
4943,3,30,3
4943,4,50,3
4943,5,72,2
4943,6,91,2
4944,1,10,3
4944,2,31,3
4944,3,36,1
4945,1,4,1
4945,2,98,1
4946,1,13,2
4946,2,33,3
4946,3,94,2
4947,1,24,1
4947,2,25,2
4947,3,67,2
4947,4,79,2
4948,1,46,2
4948,2,86,3
4949,1,34,3
4949,2,47,3
4949,3,58,2
4950,1,46,1
4950,2,47,2
4950,3,54,3
4950,4,59,1
4950,5,64,2
4951,1,25,1
4951,2,37,1
4951,3,62,2
4952,1,24,2
4953,1,11,3
4953,2,33,2
4953,3,47,3
4954,1,12,1
4954,2,33,1
4954,3,37,2
4954,4,65,1
4955,1,19,3
4955,2,32,2
4955,3,52,2
4955,4,78,2
4956,1,4,3
4956,2,51,2
4957,1,36,2
4957,2,40,1
4957,3,48,3
4957,4,84,3
4957,5,85,3
4958,1,9,1
4958,2,37,3
4958,3,43,1
4958,4,67,1
4959,1,9,3
4959,2,49,1
4960,1,11,3
4960,2,27,1
4960,3,61,1
4960,4,68,2
4960,5,69,3
4960,6,83,3
4960,7,94,2
4960,8,98,1
4961,1,19,2
4961,2,28,2
4961,3,59,3
4961,4,75,3
4961,5,78,3
4962,1,9,3
4962,2,51,3
4962,3,54,1
4962,4,82,2
4962,5,99,2
4963,1,2,2
4963,2,29,3
4963,3,78,1
4963,4,80,3
4963,5,86,2
4964,1,10,1
4964,2,16,2
4964,3,17,1
4965,1,54,1
4965,2,72,3
4965,3,78,2
4966,1,8,3
4966,2,15,3
4966,3,27,2
4966,4,68,2
4966,5,80,2
4966,6,94,2
4967,1,3,2
4967,2,31,1
4967,3,46,1
4967,4,75,1
4968,1,44,3
4968,2,53,1
4968,3,74,1
4968,4,80,3
4968,5,95,3
4969,1,42,3
4969,2,49,2
4969,3,94,3
4970,1,3,1
4970,2,7,2
4970,3,9,3
4970,4,17,3
4970,5,30,1
4970,6,82,1
4971,1,58,3
4971,2,66,1
4971,3,71,1
4971,4,83,2
4972,1,4,2
4972,2,11,3
4972,3,32,2
4972,4,68,3
4972,5,99,1
4973,1,27,1
4973,2,63,2
4973,3,83,3
4973,4,89,3
4974,1,6,2
4974,2,10,3
4974,3,25,2
4974,4,42,2
4975,1,34,2
4976,1,6,1
4976,2,34,2
4976,3,88,3
4976,4,99,3
4977,1,20,3
4977,2,74,2
4977,3,81,1
4978,1,8,3
4978,2,35,3
4978,3,77,1
4979,1,18,3
4979,2,47,1
4979,3,63,3
4979,4,94,1
4979,5,95,2
4980,1,31,1
4980,2,35,3
4980,3,65,1
4980,4,83,2
4981,1,8,1
4981,2,24,3
4981,3,62,1
4981,4,64,2
4981,5,72,2
4981,6,74,3
4982,1,83,3
4982,2,86,3
4982,3,89,1
4982,4,99,3
4983,1,23,1
4983,2,34,2
4983,3,45,2
4983,4,69,1
4983,5,80,3
4984,1,1,1
4984,2,3,1
4985,1,87,2
4986,1,19,2
4986,2,22,3
4986,3,93,1
4987,1,24,1
4987,2,31,2
4987,3,52,1
4987,4,62,1
4987,5,93,1
4988,1,8,3
4988,2,19,3
4988,3,21,3
4988,4,35,1
4989,1,32,1
4989,2,38,3
4989,3,41,1
4989,4,58,3
4989,5,84,2
4989,6,87,3
4989,7,88,1
4990,1,31,3
4990,2,90,1
4991,1,16,2
4991,2,47,3
4991,3,55,2
4991,4,86,1
4992,1,7,3
4992,2,10,2
4992,3,16,1
4992,4,25,3
4992,5,30,3
4992,6,50,1
4992,7,98,2
4993,1,37,3
4993,2,38,2
4993,3,74,3
4993,4,80,1
4994,1,12,2
4994,2,53,3
4994,3,64,1
4994,4,69,2
4994,5,75,3
4995,1,0,1
4995,2,82,3
4995,3,89,3
4995,4,99,1
4996,1,44,3
4996,2,61,3
4996,3,97,2
4997,1,12,2
4997,2,16,3
4997,3,55,1
4997,4,95,2
4998,1,46,2
4998,2,53,3
4998,3,69,1
4999,1,67,3
